FECHA,HORA,FECHA_HORA,KWH_REC,KWH_ENT,PERIODO
01/05/2026,1,01/05/2026 00:05,7743.5805664,0,Base
01/05/2026,2,01/05/2026 01:05,7351.7601318,0,Base
01/05/2026,3,01/05/2026 02:05,7471.6026003,0,Base
01/05/2026,4,01/05/2026 03:05,7440.0288086,0,Base
01/05/2026,5,01/05/2026 04:05,5007.169098,0,Base
01/05/2026,6,01/05/2026 05:05,3528.477234,0,Base
01/05/2026,7,01/05/2026 06:05,3656.390259,0,Base
01/05/2026,8,01/05/2026 07:05,3959.2945556,0,Base
01/05/2026,9,01/05/2026 08:05,4197.4683532,0,Base
01/05/2026,10,01/05/2026 09:05,3760.9871521,0,Base
01/05/2026,11,01/05/2026 10:05,3995.7473449999998,0,Base
01/05/2026,12,01/05/2026 11:05,3978.8142395,0,Base
01/05/2026,13,01/05/2026 12:05,3844.1986084,0,Base
01/05/2026,14,01/05/2026 13:05,3575.6800537,0,Base
01/05/2026,15,01/05/2026 14:05,3590.820648,0,Base
01/05/2026,16,01/05/2026 15:05,3745.2183532999998,0,Base
01/05/2026,17,01/05/2026 16:05,3361.9845428,0,Base
01/05/2026,18,01/05/2026 17:05,3052.7117309,0,Base
01/05/2026,19,01/05/2026 18:05,3124.3755341,0,Base
01/05/2026,20,01/05/2026 19:05,3027.8107605,0,Intermedio
01/05/2026,21,01/05/2026 20:05,3047.6102448,0,Intermedio
01/05/2026,22,01/05/2026 21:05,2934.5201875,0,Intermedio
01/05/2026,23,01/05/2026 22:05,2956.6809691,0,Intermedio
01/05/2026,24,01/05/2026 23:05,3143.0227967,0,Intermedio
02/05/2026,1,02/05/2026 00:05,2992.3673248,0,Intermedio
02/05/2026,2,02/05/2026 01:05,2886.6502533000003,0,Base
02/05/2026,3,02/05/2026 02:05,2900.7115935,0,Base
02/05/2026,4,02/05/2026 03:05,2831.6769256000002,0,Base
02/05/2026,5,02/05/2026 04:05,2935.0493164,0,Base
02/05/2026,6,02/05/2026 05:05,3032.0780182,0,Base
02/05/2026,7,02/05/2026 06:05,2910.3437653,0,Base
02/05/2026,8,02/05/2026 07:05,3094.2822725,0,Intermedio
02/05/2026,9,02/05/2026 08:05,3290.8444214,0,Intermedio
02/05/2026,10,02/05/2026 09:05,3340.5298767,0,Intermedio
02/05/2026,11,02/05/2026 10:05,3356.7238769,0,Intermedio
02/05/2026,12,02/05/2026 11:05,3406.9043886,0,Intermedio
02/05/2026,13,02/05/2026 12:05,3470.289795,0,Intermedio
02/05/2026,14,02/05/2026 13:05,3428.9451295,0,Intermedio
02/05/2026,15,02/05/2026 14:05,3250.4238586,0,Intermedio
02/05/2026,16,02/05/2026 15:05,3087.7596740999998,0,Intermedio
02/05/2026,17,02/05/2026 16:05,3026.4318084,0,Intermedio
02/05/2026,18,02/05/2026 17:05,2948.5926512,0,Intermedio
02/05/2026,19,02/05/2026 18:05,2742.0436401,0,Intermedio
02/05/2026,20,02/05/2026 19:05,2681.7833863,0,Intermedio
02/05/2026,21,02/05/2026 20:05,2695.0455474,0,Intermedio
02/05/2026,22,02/05/2026 21:05,2715.2392731,0,Intermedio
02/05/2026,23,02/05/2026 22:05,2845.3914031,0,Intermedio
02/05/2026,24,02/05/2026 23:05,2945.5540466,0,Intermedio
03/05/2026,1,03/05/2026 00:05,2770.5329285,0,Base
03/05/2026,2,03/05/2026 01:05,2650.1831358,0,Base
03/05/2026,3,03/05/2026 02:05,2647.692749,0,Base
03/05/2026,4,03/05/2026 03:05,2782.2275847,0,Base
03/05/2026,5,03/05/2026 04:05,2663.1643523,0,Base
03/05/2026,6,03/05/2026 05:05,2726.3918152,0,Base
03/05/2026,7,03/05/2026 06:05,2410.40602882,0,Base
03/05/2026,8,03/05/2026 07:05,3036.2634277,0,Base
03/05/2026,9,03/05/2026 08:05,3180.594223,0,Base
03/05/2026,10,03/05/2026 09:05,3314.5019225,0,Base
03/05/2026,11,03/05/2026 10:05,3294.3164367,0,Base
03/05/2026,12,03/05/2026 11:05,3531.5553284000002,0,Base
03/05/2026,13,03/05/2026 12:05,3294.1690215,0,Base
03/05/2026,14,03/05/2026 13:05,3257.4446411999998,0,Base
03/05/2026,15,03/05/2026 14:05,3215.1908874,0,Base
03/05/2026,16,03/05/2026 15:05,2901.7876892,0,Base
03/05/2026,17,03/05/2026 16:05,3163.3260648,0,Base
03/05/2026,18,03/05/2026 17:05,4086.0631409000002,0,Base
03/05/2026,19,03/05/2026 18:05,4843.4915465,0,Base
03/05/2026,20,03/05/2026 19:05,5032.2641906,0,Intermedio
03/05/2026,21,03/05/2026 20:05,5170.879181,0,Intermedio
03/05/2026,22,03/05/2026 21:05,5062.4417725,0,Intermedio
03/05/2026,23,03/05/2026 22:05,5478.2842103,0,Intermedio
03/05/2026,24,03/05/2026 23:05,5756.846466,0,Intermedio
04/05/2026,1,04/05/2026 00:05,5666.8101806,0,Intermedio
04/05/2026,2,04/05/2026 01:05,5864.1718139,0,Base
04/05/2026,3,04/05/2026 02:05,5626.0798341,0,Base
04/05/2026,4,04/05/2026 03:05,5414.9237060000005,0,Base
04/05/2026,5,04/05/2026 04:05,6801.0878601,0,Base
04/05/2026,6,04/05/2026 05:05,10107.9536743,0,Base
04/05/2026,7,04/05/2026 06:05,12017.0134886,0,Intermedio
04/05/2026,8,04/05/2026 07:05,12693.015136,0,Intermedio
04/05/2026,9,04/05/2026 08:05,12460.4558105,0,Intermedio
04/05/2026,10,04/05/2026 09:05,12858.1342169,0,Intermedio
04/05/2026,11,04/05/2026 10:05,13436.489624,0,Intermedio
04/05/2026,12,04/05/2026 11:05,13395.803222999999,0,Intermedio
04/05/2026,13,04/05/2026 12:05,11048.7072756,0,Intermedio
04/05/2026,14,04/05/2026 13:05,12467.8795163,0,Intermedio
04/05/2026,15,04/05/2026 14:05,12085.4169319,0,Intermedio
04/05/2026,16,04/05/2026 15:05,12132.2802128,0,Intermedio
04/05/2026,17,04/05/2026 16:05,10314.3169553,0,Intermedio
04/05/2026,18,04/05/2026 17:05,10564.4616699,0,Intermedio
04/05/2026,19,04/05/2026 18:05,10780.8004762,0,Intermedio
04/05/2026,20,04/05/2026 19:05,9613.345459,0,Intermedio
04/05/2026,21,04/05/2026 20:05,8657.1911011,0,Punta
04/05/2026,22,04/05/2026 21:05,9670.0435792,0,Punta
04/05/2026,23,04/05/2026 22:05,9775.7729494,0,Intermedio
04/05/2026,24,04/05/2026 23:05,10110.9670408,0,Intermedio
05/05/2026,1,05/05/2026 00:05,9727.9752809,0,Intermedio
05/05/2026,2,05/05/2026 01:05,9254.841857899999,0,Base
05/05/2026,3,05/05/2026 02:05,9609.467102,0,Base
05/05/2026,4,05/05/2026 03:05,9633.104004,0,Base
05/05/2026,5,05/05/2026 04:05,11402.9863281,0,Base
05/05/2026,6,05/05/2026 05:05,15141.755982,0,Base
05/05/2026,7,05/05/2026 06:05,15986.462646,0,Intermedio
05/05/2026,8,05/05/2026 07:05,17570.3219,0,Intermedio
05/05/2026,9,05/05/2026 08:05,15998.420167,0,Intermedio
05/05/2026,10,05/05/2026 09:05,16535.299317,0,Intermedio
05/05/2026,11,05/05/2026 10:05,16870.111696,0,Intermedio
05/05/2026,12,05/05/2026 11:05,15903.433471,0,Intermedio
05/05/2026,13,05/05/2026 12:05,12661.5982659,0,Intermedio
05/05/2026,14,05/05/2026 13:05,14064.181276,0,Intermedio
05/05/2026,15,05/05/2026 14:05,12137.0303965,0,Intermedio
05/05/2026,16,05/05/2026 15:05,11720.3927005,0,Intermedio
05/05/2026,17,05/05/2026 16:05,8458.584961,0,Intermedio
05/05/2026,18,05/05/2026 17:05,11656.2401735,0,Intermedio
05/05/2026,19,05/05/2026 18:05,11928.8645632,0,Intermedio
05/05/2026,20,05/05/2026 19:05,10931.7943116,0,Intermedio
05/05/2026,21,05/05/2026 20:05,9597.9508666,0,Punta
05/05/2026,22,05/05/2026 21:05,10511.1871948,0,Punta
05/05/2026,23,05/05/2026 22:05,10726.4346922,0,Intermedio
05/05/2026,24,05/05/2026 23:05,11305.9877318,0,Intermedio
06/05/2026,1,06/05/2026 00:05,10303.5839846,0,Intermedio
06/05/2026,2,06/05/2026 01:05,10607.0827637,0,Base
06/05/2026,3,06/05/2026 02:05,10167.5227052,0,Base
06/05/2026,4,06/05/2026 03:05,10171.3852539,0,Base
06/05/2026,5,06/05/2026 04:05,10242.9144903,0,Base
06/05/2026,6,06/05/2026 05:05,12394.2285769,0,Base
06/05/2026,7,06/05/2026 06:05,11963.2387699,0,Intermedio
06/05/2026,8,06/05/2026 07:05,11781.6708374,0,Intermedio
06/05/2026,9,06/05/2026 08:05,10022.883728,0,Intermedio
06/05/2026,10,06/05/2026 09:05,10016.9963988,0,Intermedio
06/05/2026,11,06/05/2026 10:05,11417.413330200001,0,Intermedio
06/05/2026,12,06/05/2026 11:05,12710.9609383,0,Intermedio
06/05/2026,13,06/05/2026 12:05,9980.182068099999,0,Intermedio
06/05/2026,14,06/05/2026 13:05,10406.3843382,0,Intermedio
06/05/2026,15,06/05/2026 14:05,9562.39386,0,Intermedio
06/05/2026,16,06/05/2026 15:05,9472.7875366,0,Intermedio
06/05/2026,17,06/05/2026 16:05,9022.4776,0,Intermedio
06/05/2026,18,06/05/2026 17:05,9473.4586181,0,Intermedio
06/05/2026,19,06/05/2026 18:05,9506.6296386,0,Intermedio
06/05/2026,20,06/05/2026 19:05,8059.8110351,0,Intermedio
06/05/2026,21,06/05/2026 20:05,6554.0737914,0,Punta
06/05/2026,22,06/05/2026 21:05,7183.9373169,0,Punta
06/05/2026,23,06/05/2026 22:05,9401.8095093,0,Intermedio
06/05/2026,24,06/05/2026 23:05,11147.6204224,0,Intermedio
07/05/2026,1,07/05/2026 00:05,10051.1677246,0,Intermedio
07/05/2026,2,07/05/2026 01:05,10116.7053222,0,Base
07/05/2026,3,07/05/2026 02:05,10195.9055787,0,Base
07/05/2026,4,07/05/2026 03:05,9783.0319826,0,Base
07/05/2026,5,07/05/2026 04:05,9272.5385132,0,Base
07/05/2026,6,07/05/2026 05:05,12074.3425281,0,Base
07/05/2026,7,07/05/2026 06:05,14222.46692,0,Intermedio
07/05/2026,8,07/05/2026 07:05,16810.603028,0,Intermedio
07/05/2026,9,07/05/2026 08:05,15612.76697,0,Intermedio
07/05/2026,10,07/05/2026 09:05,16067.297729,0,Intermedio
07/05/2026,11,07/05/2026 10:05,16436.093139,0,Intermedio
07/05/2026,12,07/05/2026 11:05,15931.601318,0,Intermedio
07/05/2026,13,07/05/2026 12:05,13410.863647,0,Intermedio
07/05/2026,14,07/05/2026 13:05,14692.144287,0,Intermedio
07/05/2026,15,07/05/2026 14:05,15230.674804,0,Intermedio
07/05/2026,16,07/05/2026 15:05,13141.6287243,0,Intermedio
07/05/2026,17,07/05/2026 16:05,9936.2988887,0,Intermedio
07/05/2026,18,07/05/2026 17:05,8686.4971315,0,Intermedio
07/05/2026,19,07/05/2026 18:05,9906.7396241,0,Intermedio
07/05/2026,20,07/05/2026 19:05,8691.833679200001,0,Intermedio
07/05/2026,21,07/05/2026 20:05,7150.5338744,0,Punta
07/05/2026,22,07/05/2026 21:05,8011.7442017,0,Punta
07/05/2026,23,07/05/2026 22:05,9964.4015502,0,Intermedio
07/05/2026,24,07/05/2026 23:05,11352.7636113,0,Intermedio
08/05/2026,1,08/05/2026 00:05,10608.0320435,0,Intermedio
08/05/2026,2,08/05/2026 01:05,10691.2524414,0,Base
08/05/2026,3,08/05/2026 02:05,10079.208374,0,Base
08/05/2026,4,08/05/2026 03:05,10363.5647581,0,Base
08/05/2026,5,08/05/2026 04:05,9814.3818358,0,Base
08/05/2026,6,08/05/2026 05:05,12005.8506472,0,Base
08/05/2026,7,08/05/2026 06:05,12193.5501718,0,Intermedio
08/05/2026,8,08/05/2026 07:05,13840.831056,0,Intermedio
08/05/2026,9,08/05/2026 08:05,11294.8099366,0,Intermedio
08/05/2026,10,08/05/2026 09:05,13023.6823737,0,Intermedio
08/05/2026,11,08/05/2026 10:05,13497.156128,0,Intermedio
08/05/2026,12,08/05/2026 11:05,12448.3369749,0,Intermedio
08/05/2026,13,08/05/2026 12:05,10225.6107177,0,Intermedio
08/05/2026,14,08/05/2026 13:05,11157.9046021,0,Intermedio
08/05/2026,15,08/05/2026 14:05,11304.2977901,0,Intermedio
08/05/2026,16,08/05/2026 15:05,11245.3408201,0,Intermedio
08/05/2026,17,08/05/2026 16:05,8122.8928832,0,Intermedio
08/05/2026,18,08/05/2026 17:05,9609.1394654,0,Intermedio
08/05/2026,19,08/05/2026 18:05,11019.4769288,0,Intermedio
08/05/2026,20,08/05/2026 19:05,10079.213195799999,0,Intermedio
08/05/2026,21,08/05/2026 20:05,9515.1699826,0,Punta
08/05/2026,22,08/05/2026 21:05,10560.5928346,0,Punta
08/05/2026,23,08/05/2026 22:05,11173.901306,0,Intermedio
08/05/2026,24,08/05/2026 23:05,10882.9649049,0,Intermedio
09/05/2026,1,09/05/2026 00:05,10033.1060791,0,Intermedio
09/05/2026,2,09/05/2026 01:05,10389.0242919,0,Base
09/05/2026,3,09/05/2026 02:05,10463.2148438,0,Base
09/05/2026,4,09/05/2026 03:05,10129.9597778,0,Base
09/05/2026,5,09/05/2026 04:05,9914.7951049,0,Base
09/05/2026,6,09/05/2026 05:05,11460.9314576,0,Base
09/05/2026,7,09/05/2026 06:05,11499.4707643,0,Base
09/05/2026,8,09/05/2026 07:05,11600.1260975,0,Intermedio
09/05/2026,9,09/05/2026 08:05,11039.7764285,0,Intermedio
09/05/2026,10,09/05/2026 09:05,10785.4650269,0,Intermedio
09/05/2026,11,09/05/2026 10:05,12017.257811899999,0,Intermedio
09/05/2026,12,09/05/2026 11:05,11472.652466200001,0,Intermedio
09/05/2026,13,09/05/2026 12:05,8565.1015626,0,Intermedio
09/05/2026,14,09/05/2026 13:05,9580.3624878,0,Intermedio
09/05/2026,15,09/05/2026 14:05,9338.3294678,0,Intermedio
09/05/2026,16,09/05/2026 15:05,8997.0758666,0,Intermedio
09/05/2026,17,09/05/2026 16:05,7856.2543334,0,Intermedio
09/05/2026,18,09/05/2026 17:05,8127.307251,0,Intermedio
09/05/2026,19,09/05/2026 18:05,7452.4847412,0,Intermedio
09/05/2026,20,09/05/2026 19:05,6521.6307372,0,Intermedio
09/05/2026,21,09/05/2026 20:05,5584.1891479,0,Intermedio
09/05/2026,22,09/05/2026 21:05,6672.903137,0,Intermedio
09/05/2026,23,09/05/2026 22:05,8584.5864869,0,Intermedio
09/05/2026,24,09/05/2026 23:05,9954.894714600001,0,Intermedio
10/05/2026,1,10/05/2026 00:05,9676.5922853,0,Base
10/05/2026,2,10/05/2026 01:05,9556.5129396,0,Base
10/05/2026,3,10/05/2026 02:05,9164.5410766,0,Base
10/05/2026,4,10/05/2026 03:05,8236.6488035,0,Base
10/05/2026,5,10/05/2026 04:05,6194.7786559999995,0,Base
10/05/2026,6,10/05/2026 05:05,5461.1450195,0,Base
10/05/2026,7,10/05/2026 06:05,5538.5555419,0,Base
10/05/2026,8,10/05/2026 07:05,5833.5826113,0,Base
10/05/2026,9,10/05/2026 08:05,5860.5496215,0,Base
10/05/2026,10,10/05/2026 09:05,5697.0492248,0,Base
10/05/2026,11,10/05/2026 10:05,5857.6769714,0,Base
10/05/2026,12,10/05/2026 11:05,5495.0014344,0,Base
10/05/2026,13,10/05/2026 12:05,5801.8106689,0,Base
10/05/2026,14,10/05/2026 13:05,5561.6502686,0,Base
10/05/2026,15,10/05/2026 14:05,5546.9901429,0,Base
10/05/2026,16,10/05/2026 15:05,5583.6469421,0,Base
10/05/2026,17,10/05/2026 16:05,5260.2870787,0,Base
10/05/2026,18,10/05/2026 17:05,5443.5046083,0,Base
10/05/2026,19,10/05/2026 18:05,5483.5190736,0,Base
10/05/2026,20,10/05/2026 19:05,5626.0925294,0,Intermedio
10/05/2026,21,10/05/2026 20:05,5618.7240295,0,Intermedio
10/05/2026,22,10/05/2026 21:05,5503.2865906,0,Intermedio
10/05/2026,23,10/05/2026 22:05,5707.9996336,0,Intermedio
10/05/2026,24,10/05/2026 23:05,5863.2135926,0,Intermedio
11/05/2026,1,11/05/2026 00:05,6403.8279419,0,Intermedio
11/05/2026,2,11/05/2026 01:05,6648.5018311,0,Base
11/05/2026,3,11/05/2026 02:05,6056.0911256,0,Base
11/05/2026,4,11/05/2026 03:05,5992.1477966,0,Base
11/05/2026,5,11/05/2026 04:05,7547.5505067,0,Base
11/05/2026,6,11/05/2026 05:05,11399.3059692,0,Base
11/05/2026,7,11/05/2026 06:05,13065.414063,0,Intermedio
11/05/2026,8,11/05/2026 07:05,14945.288573,0,Intermedio
11/05/2026,9,11/05/2026 08:05,13942.29718,0,Intermedio
11/05/2026,10,11/05/2026 09:05,15634.961546999999,0,Intermedio
11/05/2026,11,11/05/2026 10:05,15704.839845,0,Intermedio
11/05/2026,12,11/05/2026 11:05,15255.300538,0,Intermedio
11/05/2026,13,11/05/2026 12:05,13363.111084,0,Intermedio
11/05/2026,14,11/05/2026 13:05,13622.094238,0,Intermedio
11/05/2026,15,11/05/2026 14:05,13710.732786999999,0,Intermedio
11/05/2026,16,11/05/2026 15:05,14200.871094,0,Intermedio
11/05/2026,17,11/05/2026 16:05,8761.6837155,0,Intermedio
11/05/2026,18,11/05/2026 17:05,8398.2354126,0,Intermedio
11/05/2026,19,11/05/2026 18:05,9312.3063354,0,Intermedio
11/05/2026,20,11/05/2026 19:05,8898.1549072,0,Intermedio
11/05/2026,21,11/05/2026 20:05,7642.1174927,0,Punta
11/05/2026,22,11/05/2026 21:05,8522.3517459,0,Punta
11/05/2026,23,11/05/2026 22:05,10787.7974855,0,Intermedio
11/05/2026,24,11/05/2026 23:05,12054.0349716,0,Intermedio
12/05/2026,1,12/05/2026 00:05,11253.8879396,0,Intermedio
12/05/2026,2,12/05/2026 01:05,11259.4708251,0,Base
12/05/2026,3,12/05/2026 02:05,10394.9378662,0,Base
12/05/2026,4,12/05/2026 03:05,10209.2586059,0,Base
12/05/2026,5,12/05/2026 04:05,9475.9313355,0,Base
12/05/2026,6,12/05/2026 05:05,11503.8072514,0,Base
12/05/2026,7,12/05/2026 06:05,12095.8246455,0,Intermedio
12/05/2026,8,12/05/2026 07:05,12638.707703,0,Intermedio
12/05/2026,9,12/05/2026 08:05,11465.2637935,0,Intermedio
12/05/2026,10,12/05/2026 09:05,12387.6198723,0,Intermedio
12/05/2026,11,12/05/2026 10:05,14255.563599,0,Intermedio
12/05/2026,12,12/05/2026 11:05,13375.0542,0,Intermedio
12/05/2026,13,12/05/2026 12:05,10375.4467158,0,Intermedio
12/05/2026,14,12/05/2026 13:05,10484.6607056,0,Intermedio
12/05/2026,15,12/05/2026 14:05,12219.1260985,0,Intermedio
12/05/2026,16,12/05/2026 15:05,11742.6469733,0,Intermedio
12/05/2026,17,12/05/2026 16:05,9076.5488892,0,Intermedio
12/05/2026,18,12/05/2026 17:05,8486.147522,0,Intermedio
12/05/2026,19,12/05/2026 18:05,9044.6403808,0,Intermedio
12/05/2026,20,12/05/2026 19:05,8828.0003662,0,Intermedio
12/05/2026,21,12/05/2026 20:05,7626.519043,0,Punta
12/05/2026,22,12/05/2026 21:05,7731.4230957,0,Punta
12/05/2026,23,12/05/2026 22:05,10191.2783203,0,Intermedio
12/05/2026,24,12/05/2026 23:05,12055.5405279,0,Intermedio
13/05/2026,1,13/05/2026 00:05,11518.7736205,0,Intermedio
13/05/2026,2,13/05/2026 01:05,11405.0029297,0,Base
13/05/2026,3,13/05/2026 02:05,11048.4877931,0,Base
13/05/2026,4,13/05/2026 03:05,10873.5438231,0,Base
13/05/2026,5,13/05/2026 04:05,11416.7783812,0,Base
13/05/2026,6,13/05/2026 05:05,14437.222048,0,Base
13/05/2026,7,13/05/2026 06:05,15282.966308,0,Intermedio
13/05/2026,8,13/05/2026 07:05,16391.756103,0,Intermedio
13/05/2026,9,13/05/2026 08:05,15465.64026,0,Intermedio
13/05/2026,10,13/05/2026 09:05,16256.142577999999,0,Intermedio
13/05/2026,11,13/05/2026 10:05,16723.398804,0,Intermedio
13/05/2026,12,13/05/2026 11:05,15288.94336,0,Intermedio
13/05/2026,13,13/05/2026 12:05,13598.552123,0,Intermedio
13/05/2026,14,13/05/2026 13:05,14285.794677,0,Intermedio
13/05/2026,15,13/05/2026 14:05,13413.7501213,0,Intermedio
13/05/2026,16,13/05/2026 15:05,13159.086607700001,0,Intermedio
13/05/2026,17,13/05/2026 16:05,13257.9225466,0,Intermedio
13/05/2026,18,13/05/2026 17:05,10806.8231205,0,Intermedio
13/05/2026,19,13/05/2026 18:05,12195.154724,0,Intermedio
13/05/2026,20,13/05/2026 19:05,11791.4959726,0,Intermedio
13/05/2026,21,13/05/2026 20:05,10022.5167847,0,Punta
13/05/2026,22,13/05/2026 21:05,10653.5495606,0,Punta
13/05/2026,23,13/05/2026 22:05,11179.8168336,0,Intermedio
13/05/2026,24,13/05/2026 23:05,11154.574585,0,Intermedio
14/05/2026,1,14/05/2026 00:05,10996.1775513,0,Intermedio
14/05/2026,2,14/05/2026 01:05,11674.5442504,0,Base
14/05/2026,3,14/05/2026 02:05,9901.4284671,0,Base
14/05/2026,4,14/05/2026 03:05,9612.7413331,0,Base
14/05/2026,5,14/05/2026 04:05,9566.4749755,0,Base
14/05/2026,6,14/05/2026 05:05,11877.1644286,0,Base
14/05/2026,7,14/05/2026 06:05,12922.618042,0,Intermedio
14/05/2026,8,14/05/2026 07:05,13149.590699,0,Intermedio
14/05/2026,9,14/05/2026 08:05,12097.1697386,0,Intermedio
14/05/2026,10,14/05/2026 09:05,11514.7988293,0,Intermedio
14/05/2026,11,14/05/2026 10:05,13840.58899,0,Intermedio
14/05/2026,12,14/05/2026 11:05,11490.5344254,0,Intermedio
14/05/2026,13,14/05/2026 12:05,15969.7293093,0,Intermedio
14/05/2026,14,14/05/2026 13:05,11145.3710325,0,Intermedio
14/05/2026,15,14/05/2026 14:05,19506.348513,0,Intermedio
14/05/2026,16,14/05/2026 15:05,18902.30432,0,Intermedio
14/05/2026,17,14/05/2026 16:05,11994.2501838,0,Intermedio
14/05/2026,18,14/05/2026 17:05,5818.3618774999995,0,Intermedio
14/05/2026,19,14/05/2026 18:05,4210.0880432,0,Intermedio
14/05/2026,20,14/05/2026 19:05,3669.6387634,0,Intermedio
14/05/2026,21,14/05/2026 20:05,4845.1837615,0,Punta
14/05/2026,22,14/05/2026 21:05,7657.366272,0,Punta
14/05/2026,23,14/05/2026 22:05,10136.9049078,0,Intermedio
14/05/2026,24,14/05/2026 23:05,13036.9515991,0,Intermedio
15/05/2026,1,15/05/2026 00:05,17555.808473,0,Intermedio
15/05/2026,2,15/05/2026 01:05,17492.609008,0,Base
15/05/2026,3,15/05/2026 02:05,13217.026549,0,Base
15/05/2026,4,15/05/2026 03:05,10987.158142,0,Base
15/05/2026,5,15/05/2026 04:05,11176.2578738,0,Base
15/05/2026,6,15/05/2026 05:05,14332.460449,0,Base
15/05/2026,7,15/05/2026 06:05,16546.705079,0,Intermedio
15/05/2026,8,15/05/2026 07:05,16552.431884999998,0,Intermedio
15/05/2026,9,15/05/2026 08:05,13463.5383922,0,Intermedio
15/05/2026,10,15/05/2026 09:05,12222.287657199999,0,Intermedio
15/05/2026,11,15/05/2026 10:05,13390.305542,0,Intermedio
15/05/2026,12,15/05/2026 11:05,12608.522947000001,0,Intermedio
15/05/2026,13,15/05/2026 12:05,10066.602295,0,Intermedio
15/05/2026,14,15/05/2026 13:05,9648.7825928,0,Intermedio
15/05/2026,15,15/05/2026 14:05,11067.9561158,0,Intermedio
15/05/2026,16,15/05/2026 15:05,11614.671204,0,Intermedio
15/05/2026,17,15/05/2026 16:05,9516.3278808,0,Intermedio
15/05/2026,18,15/05/2026 17:05,8775.8905639,0,Intermedio
15/05/2026,19,15/05/2026 18:05,8868.1846922,0,Intermedio
15/05/2026,20,15/05/2026 19:05,8506.4373169,0,Intermedio
15/05/2026,21,15/05/2026 20:05,7328.6275634,0,Punta
15/05/2026,22,15/05/2026 21:05,7927.483642499999,0,Punta
15/05/2026,23,15/05/2026 22:05,9403.6374514,0,Intermedio
15/05/2026,24,15/05/2026 23:05,11380.5646973,0,Intermedio
16/05/2026,1,16/05/2026 00:05,10788.2258301,0,Intermedio
16/05/2026,2,16/05/2026 01:05,10091.4276733,0,Base
16/05/2026,3,16/05/2026 02:05,10723.5198975,0,Base
16/05/2026,4,16/05/2026 03:05,10580.534668,0,Base
16/05/2026,5,16/05/2026 04:05,9657.5024413,0,Base
16/05/2026,6,16/05/2026 05:05,12329.6600346,0,Base
16/05/2026,7,16/05/2026 06:05,12550.2192391,0,Base
16/05/2026,8,16/05/2026 07:05,13089.93915,0,Intermedio
16/05/2026,9,16/05/2026 08:05,11016.7927862,0,Intermedio
16/05/2026,10,16/05/2026 09:05,12284.8779297,0,Intermedio
16/05/2026,11,16/05/2026 10:05,12627.00244,0,Intermedio
16/05/2026,12,16/05/2026 11:05,12135.6348871,0,Intermedio
16/05/2026,13,16/05/2026 12:05,9131.9846191,0,Intermedio
16/05/2026,14,16/05/2026 13:05,9211.3275146,0,Intermedio
16/05/2026,15,16/05/2026 14:05,9704.5058595,0,Intermedio
16/05/2026,16,16/05/2026 15:05,9513.4836423,0,Intermedio
16/05/2026,17,16/05/2026 16:05,7579.1027221,0,Intermedio
16/05/2026,18,16/05/2026 17:05,7838.397094800001,0,Intermedio
16/05/2026,19,16/05/2026 18:05,8636.3989257,0,Intermedio
16/05/2026,20,16/05/2026 19:05,7846.5595702,0,Intermedio
16/05/2026,21,16/05/2026 20:05,7082.6017455,0,Intermedio
16/05/2026,22,16/05/2026 21:05,7588.8223877,0,Intermedio
16/05/2026,23,16/05/2026 22:05,9140.5957642,0,Intermedio
16/05/2026,24,16/05/2026 23:05,10680.8049316,0,Intermedio
17/05/2026,1,17/05/2026 00:05,9778.943359500001,0,Base
17/05/2026,2,17/05/2026 01:05,9823.2106324,0,Base
17/05/2026,3,17/05/2026 02:05,8669.9016113,0,Base
17/05/2026,4,17/05/2026 03:05,7894.8453368,0,Base
17/05/2026,5,17/05/2026 04:05,6180.8611144999995,0,Base
17/05/2026,6,17/05/2026 05:05,5904.6104126,0,Base
17/05/2026,7,17/05/2026 06:05,6563.1759949,0,Base
17/05/2026,8,17/05/2026 07:05,7147.8081055,0,Base
17/05/2026,9,17/05/2026 08:05,6964.5911254,0,Base
17/05/2026,10,17/05/2026 09:05,7211.8388673,0,Base
17/05/2026,11,17/05/2026 10:05,7370.8175049,0,Base
17/05/2026,12,17/05/2026 11:05,7094.496765,0,Base
17/05/2026,13,17/05/2026 12:05,6878.7124631,0,Base
17/05/2026,14,17/05/2026 13:05,6879.3325805,0,Base
17/05/2026,15,17/05/2026 14:05,6842.1080322,0,Base
17/05/2026,16,17/05/2026 15:05,6389.2339172,0,Base
17/05/2026,17,17/05/2026 16:05,5526.3736878,0,Base
17/05/2026,18,17/05/2026 17:05,5335.9192812,0,Base
17/05/2026,19,17/05/2026 18:05,6005.1809082,0,Base
17/05/2026,20,17/05/2026 19:05,6228.9989319,0,Intermedio
17/05/2026,21,17/05/2026 20:05,6039.7117614,0,Intermedio
17/05/2026,22,17/05/2026 21:05,5993.5815428999995,0,Intermedio
17/05/2026,23,17/05/2026 22:05,5994.7980042,0,Intermedio
17/05/2026,24,17/05/2026 23:05,6241.3044434,0,Intermedio
18/05/2026,1,18/05/2026 00:05,6076.4115295,0,Intermedio
18/05/2026,2,18/05/2026 01:05,5940.0341795,0,Base
18/05/2026,3,18/05/2026 02:05,5707.1482847,0,Base
18/05/2026,4,18/05/2026 03:05,6112.861328200001,0,Base
18/05/2026,5,18/05/2026 04:05,7474.028930500001,0,Base
18/05/2026,6,18/05/2026 05:05,11362.5147703,0,Base
18/05/2026,7,18/05/2026 06:05,14312.115112,0,Intermedio
18/05/2026,8,18/05/2026 07:05,16058.769653,0,Intermedio
18/05/2026,9,18/05/2026 08:05,14889.462647,0,Intermedio
18/05/2026,10,18/05/2026 09:05,15936.2824709,0,Intermedio
18/05/2026,11,18/05/2026 10:05,16127.675047,0,Intermedio
18/05/2026,12,18/05/2026 11:05,16077.247437,0,Intermedio
18/05/2026,13,18/05/2026 12:05,11159.662232,0,Intermedio
18/05/2026,14,18/05/2026 13:05,11503.6636346,0,Intermedio
18/05/2026,15,18/05/2026 14:05,12546.582336,0,Intermedio
18/05/2026,16,18/05/2026 15:05,12149.0824588,0,Intermedio
18/05/2026,17,18/05/2026 16:05,9354.0185547,0,Intermedio
18/05/2026,18,18/05/2026 17:05,8816.166687,0,Intermedio
18/05/2026,19,18/05/2026 18:05,8674.0704957,0,Intermedio
18/05/2026,20,18/05/2026 19:05,8193.5845947,0,Intermedio
18/05/2026,21,18/05/2026 20:05,7558.7463989,0,Punta
18/05/2026,22,18/05/2026 21:05,8454.2134399,0,Punta
18/05/2026,23,18/05/2026 22:05,10225.9410399,0,Intermedio
18/05/2026,24,18/05/2026 23:05,11324.4666134,0,Intermedio
19/05/2026,1,19/05/2026 00:05,10452.2744141,0,Intermedio
19/05/2026,2,19/05/2026 01:05,10293.8919067,0,Base
19/05/2026,3,19/05/2026 02:05,10254.5255738,0,Base
19/05/2026,4,19/05/2026 03:05,10564.7670289,0,Base
19/05/2026,5,19/05/2026 04:05,9682.3130494,0,Base
19/05/2026,6,19/05/2026 05:05,11300.3541261,0,Base
19/05/2026,7,19/05/2026 06:05,12382.8622459,0,Intermedio
19/05/2026,8,19/05/2026 07:05,11836.3185422,0,Intermedio
19/05/2026,9,19/05/2026 08:05,11444.1088877,0,Intermedio
19/05/2026,10,19/05/2026 09:05,11521.7091667,0,Intermedio
19/05/2026,11,19/05/2026 10:05,13538.1171876,0,Intermedio
19/05/2026,12,19/05/2026 11:05,13502.565369,0,Intermedio
19/05/2026,13,19/05/2026 12:05,9545.508484,0,Intermedio
19/05/2026,14,19/05/2026 13:05,8961.5835573,0,Intermedio
19/05/2026,15,19/05/2026 14:05,9289.1915892,0,Intermedio
19/05/2026,16,19/05/2026 15:05,8980.560852,0,Intermedio
19/05/2026,17,19/05/2026 16:05,7262.2227174,0,Intermedio
19/05/2026,18,19/05/2026 17:05,7529.661316,0,Intermedio
19/05/2026,19,19/05/2026 18:05,7073.7315674,0,Intermedio
19/05/2026,20,19/05/2026 19:05,6606.9096068,0,Intermedio
19/05/2026,21,19/05/2026 20:05,6571.8725893,0,Punta
19/05/2026,22,19/05/2026 21:05,9933.154663199999,0,Punta
19/05/2026,23,19/05/2026 22:05,10542.5534058,0,Intermedio
19/05/2026,24,19/05/2026 23:05,11658.3226315,0,Intermedio
20/05/2026,1,20/05/2026 00:05,15856.361696,0,Intermedio
20/05/2026,2,20/05/2026 01:05,11577.776185300001,0,Base
20/05/2026,3,20/05/2026 02:05,9545.111145,0,Base
20/05/2026,4,20/05/2026 03:05,9538.525146599999,0,Base
20/05/2026,5,20/05/2026 04:05,9350.1329345,0,Base
20/05/2026,6,20/05/2026 05:05,12673.170714799999,0,Base
20/05/2026,7,20/05/2026 06:05,14778.425172,0,Intermedio
20/05/2026,8,20/05/2026 07:05,15240.167481,0,Intermedio
20/05/2026,9,20/05/2026 08:05,13183.9145509,0,Intermedio
20/05/2026,10,20/05/2026 09:05,13137.0855098,0,Intermedio
20/05/2026,11,20/05/2026 10:05,13823.168947,0,Intermedio
20/05/2026,12,20/05/2026 11:05,12077.596129,0,Intermedio
20/05/2026,13,20/05/2026 12:05,8279.105041499999,0,Intermedio
20/05/2026,14,20/05/2026 13:05,8691.138855,0,Intermedio
20/05/2026,15,20/05/2026 14:05,10080.1325074,0,Intermedio
20/05/2026,16,20/05/2026 15:05,11924.5808112,0,Intermedio
20/05/2026,17,20/05/2026 16:05,8489.8735958,0,Intermedio
20/05/2026,18,20/05/2026 17:05,5551.873809799999,0,Intermedio
20/05/2026,19,20/05/2026 18:05,4915.2052001,0,Intermedio
20/05/2026,20,20/05/2026 19:05,4098.8809817,0,Intermedio
20/05/2026,21,20/05/2026 20:05,4087.5398255,0,Punta
20/05/2026,22,20/05/2026 21:05,7260.1491089,0,Punta
20/05/2026,23,20/05/2026 22:05,8565.375671400001,0,Intermedio
20/05/2026,24,20/05/2026 23:05,11305.4477542,0,Intermedio
21/05/2026,1,21/05/2026 00:05,15433.851441,0,Intermedio
21/05/2026,2,21/05/2026 01:05,9805.865905300001,0,Base
21/05/2026,3,21/05/2026 02:05,8810.528992,0,Base
21/05/2026,4,21/05/2026 03:05,8761.0272826,0,Base
21/05/2026,5,21/05/2026 04:05,7979.902893,0,Base
21/05/2026,6,21/05/2026 05:05,11596.6693729,0,Base
21/05/2026,7,21/05/2026 06:05,12890.8870247,0,Intermedio
21/05/2026,8,21/05/2026 07:05,13910.762451999999,0,Intermedio
21/05/2026,9,21/05/2026 08:05,12328.4031386,0,Intermedio
21/05/2026,10,21/05/2026 09:05,13884.5277709,0,Intermedio
21/05/2026,11,21/05/2026 10:05,15278.989257,0,Intermedio
21/05/2026,12,21/05/2026 11:05,15184.23645,0,Intermedio
21/05/2026,13,21/05/2026 12:05,13487.893679,0,Intermedio
21/05/2026,14,21/05/2026 13:05,13590.1954352,0,Intermedio
21/05/2026,15,21/05/2026 14:05,13978.184509,0,Intermedio
21/05/2026,16,21/05/2026 15:05,13485.819459,0,Intermedio
21/05/2026,17,21/05/2026 16:05,8732.4368902,0,Intermedio
21/05/2026,18,21/05/2026 17:05,5208.9080813,0,Intermedio
21/05/2026,19,21/05/2026 18:05,4797.04895,0,Intermedio
21/05/2026,20,21/05/2026 19:05,4314.8611145,0,Intermedio
21/05/2026,21,21/05/2026 20:05,4645.7546387,0,Punta
21/05/2026,22,21/05/2026 21:05,7510.9041749,0,Punta
21/05/2026,23,21/05/2026 22:05,9955.2286987,0,Intermedio
21/05/2026,24,21/05/2026 23:05,12113.080321899999,0,Intermedio
22/05/2026,1,22/05/2026 00:05,16872.720095,0,Intermedio
22/05/2026,2,22/05/2026 01:05,16535.771973,0,Base
22/05/2026,3,22/05/2026 02:05,10896.0311884,0,Base
22/05/2026,4,22/05/2026 03:05,9657.9834594,0,Base
22/05/2026,5,22/05/2026 04:05,8598.5697022,0,Base
22/05/2026,6,22/05/2026 05:05,11247.4899294,0,Base
22/05/2026,7,22/05/2026 06:05,11556.4550781,0,Intermedio
22/05/2026,8,22/05/2026 07:05,12710.573608300001,0,Intermedio
22/05/2026,9,22/05/2026 08:05,11240.2998039,0,Intermedio
22/05/2026,10,22/05/2026 09:05,11958.5985102,0,Intermedio
22/05/2026,11,22/05/2026 10:05,12845.508911,0,Intermedio
22/05/2026,12,22/05/2026 11:05,11088.1586302,0,Intermedio
22/05/2026,13,22/05/2026 12:05,8829.1376342,0,Intermedio
22/05/2026,14,22/05/2026 13:05,9862.5355224,0,Intermedio
22/05/2026,15,22/05/2026 14:05,11024.5314942,0,Intermedio
22/05/2026,16,22/05/2026 15:05,10542.4723511,0,Intermedio
22/05/2026,17,22/05/2026 16:05,8018.4884644,0,Intermedio
22/05/2026,18,22/05/2026 17:05,5649.0046692,0,Intermedio
22/05/2026,19,22/05/2026 18:05,4900.8770141,0,Intermedio
22/05/2026,20,22/05/2026 19:05,4500.0366211,0,Intermedio
22/05/2026,21,22/05/2026 20:05,4782.2893678,0,Punta
22/05/2026,22,22/05/2026 21:05,8076.9038696,0,Punta
22/05/2026,23,22/05/2026 22:05,9878.2786256,0,Intermedio
22/05/2026,24,22/05/2026 23:05,12237.8244636,0,Intermedio
23/05/2026,1,23/05/2026 00:05,16556.999512,0,Intermedio
23/05/2026,2,23/05/2026 01:05,16307.075806,0,Base
23/05/2026,3,23/05/2026 02:05,10684.1373291,0,Base
23/05/2026,4,23/05/2026 03:05,10366.7085571,0,Base
23/05/2026,5,23/05/2026 04:05,10943.7268073,0,Base
23/05/2026,6,23/05/2026 05:05,14476.449708,0,Base
23/05/2026,7,23/05/2026 06:05,15080.037844,0,Base
23/05/2026,8,23/05/2026 07:05,16056.574949,0,Intermedio
23/05/2026,9,23/05/2026 08:05,13171.7474374,0,Intermedio
23/05/2026,10,23/05/2026 09:05,13654.3989251,0,Intermedio
23/05/2026,11,23/05/2026 10:05,15266.086548,0,Intermedio
23/05/2026,12,23/05/2026 11:05,14055.55542,0,Intermedio
23/05/2026,13,23/05/2026 12:05,9365.499206,0,Intermedio
23/05/2026,14,23/05/2026 13:05,8748.8858643,0,Intermedio
23/05/2026,15,23/05/2026 14:05,9604.2767333,0,Intermedio
23/05/2026,16,23/05/2026 15:05,9157.5770264,0,Intermedio
23/05/2026,17,23/05/2026 16:05,7390.5689085,0,Intermedio
23/05/2026,18,23/05/2026 17:05,4736.4309692,0,Intermedio
23/05/2026,19,23/05/2026 18:05,4537.9507142,0,Intermedio
23/05/2026,20,23/05/2026 19:05,4238.2085877,0,Intermedio
23/05/2026,21,23/05/2026 20:05,5032.9762879,0,Intermedio
23/05/2026,22,23/05/2026 21:05,8062.5583496,0,Intermedio
23/05/2026,23,23/05/2026 22:05,8815.814209,0,Intermedio
23/05/2026,24,23/05/2026 23:05,12368.5809324,0,Intermedio
24/05/2026,1,24/05/2026 00:05,16630.565919,0,Base
24/05/2026,2,24/05/2026 01:05,16569.906493,0,Base
24/05/2026,3,24/05/2026 02:05,12077.4738768,0,Base
24/05/2026,4,24/05/2026 03:05,8628.937439,0,Base
24/05/2026,5,24/05/2026 04:05,8008.8189699,0,Base
24/05/2026,6,24/05/2026 05:05,8108.131897,0,Base
24/05/2026,7,24/05/2026 06:05,8911.9960938,0,Base
24/05/2026,8,24/05/2026 07:05,9187.1962281,0,Base
24/05/2026,9,24/05/2026 08:05,8928.4346314,0,Base
24/05/2026,10,24/05/2026 09:05,9638.5826417,0,Base
24/05/2026,11,24/05/2026 10:05,10471.824279800001,0,Base
24/05/2026,12,24/05/2026 11:05,10396.9412842,0,Base
24/05/2026,13,24/05/2026 12:05,9210.9593506,0,Base
24/05/2026,14,24/05/2026 13:05,8668.6287842,0,Base
24/05/2026,15,24/05/2026 14:05,8647.6983642,0,Base
24/05/2026,16,24/05/2026 15:05,8355.5354615,0,Base
24/05/2026,17,24/05/2026 16:05,7275.6337889999995,0,Base
24/05/2026,18,24/05/2026 17:05,4759.8349914,0,Base
24/05/2026,19,24/05/2026 18:05,4007.8985292,0,Base
24/05/2026,20,24/05/2026 19:05,3974.9598388,0,Intermedio
24/05/2026,21,24/05/2026 20:05,4671.3116759,0,Intermedio
24/05/2026,22,24/05/2026 21:05,7402.8616944000005,0,Intermedio
24/05/2026,23,24/05/2026 22:05,7765.1508177000005,0,Intermedio
24/05/2026,24,24/05/2026 23:05,9431.4255988,0,Intermedio
25/05/2026,1,25/05/2026 00:05,14380.817627,0,Intermedio
25/05/2026,2,25/05/2026 01:05,12759.2219854,0,Base
25/05/2026,3,25/05/2026 02:05,7664.6030885,0,Base
25/05/2026,4,25/05/2026 03:05,7434.480834999999,0,Base
25/05/2026,5,25/05/2026 04:05,8448.09375,0,Base
25/05/2026,6,25/05/2026 05:05,11336.2396851,0,Base
25/05/2026,7,25/05/2026 06:05,14367.867186,0,Intermedio
25/05/2026,8,25/05/2026 07:05,15921.957153,0,Intermedio
25/05/2026,9,25/05/2026 08:05,14347.678466,0,Intermedio
25/05/2026,10,25/05/2026 09:05,14854.254026,0,Intermedio
25/05/2026,11,25/05/2026 10:05,15852.815064,0,Intermedio
25/05/2026,12,25/05/2026 11:05,15707.420043,0,Intermedio
25/05/2026,13,25/05/2026 12:05,10701.6168826,0,Intermedio
25/05/2026,14,25/05/2026 13:05,10771.1049804,0,Intermedio
25/05/2026,15,25/05/2026 14:05,11372.385864,0,Intermedio
25/05/2026,16,25/05/2026 15:05,11034.0033568,0,Intermedio
25/05/2026,17,25/05/2026 16:05,8540.7728882,0,Intermedio
25/05/2026,18,25/05/2026 17:05,5712.6207886,0,Intermedio
25/05/2026,19,25/05/2026 18:05,5060.8605655,0,Intermedio
25/05/2026,20,25/05/2026 19:05,4857.4422301,0,Intermedio
25/05/2026,21,25/05/2026 20:05,5006.0195312,0,Punta
25/05/2026,22,25/05/2026 21:05,7999.1021729,0,Punta
25/05/2026,23,25/05/2026 22:05,9640.7998047,0,Intermedio
25/05/2026,24,25/05/2026 23:05,12438.9865107,0,Intermedio
26/05/2026,1,26/05/2026 00:05,17126.238404,0,Intermedio
26/05/2026,2,26/05/2026 01:05,18083.173584,0,Base
26/05/2026,3,26/05/2026 02:05,11981.0319827,0,Base
26/05/2026,4,26/05/2026 03:05,11140.5325319,0,Base
26/05/2026,5,26/05/2026 04:05,9879.6286009,0,Base
26/05/2026,6,26/05/2026 05:05,11337.1303716,0,Base
26/05/2026,7,26/05/2026 06:05,12253.360717200001,0,Intermedio
26/05/2026,8,26/05/2026 07:05,13481.898071,0,Intermedio
26/05/2026,9,26/05/2026 08:05,13013.8662717,0,Intermedio
26/05/2026,10,26/05/2026 09:05,13113.9633771,0,Intermedio
26/05/2026,11,26/05/2026 10:05,13106.799072400001,0,Intermedio
26/05/2026,12,26/05/2026 11:05,11594.642273,0,Intermedio
26/05/2026,13,26/05/2026 12:05,9783.136963,0,Intermedio
26/05/2026,14,26/05/2026 13:05,10501.8411255,0,Intermedio
26/05/2026,15,26/05/2026 14:05,11769.4590449,0,Intermedio
26/05/2026,16,26/05/2026 15:05,11373.1177368,0,Intermedio
26/05/2026,17,26/05/2026 16:05,9039.1641847,0,Intermedio
26/05/2026,18,26/05/2026 17:05,6217.1583253,0,Intermedio
26/05/2026,19,26/05/2026 18:05,5093.1710206,0,Intermedio
26/05/2026,20,26/05/2026 19:05,4886.2978823,0,Intermedio
26/05/2026,21,26/05/2026 20:05,5419.1940307,0,Punta
26/05/2026,22,26/05/2026 21:05,9222.5744018,0,Punta
26/05/2026,23,26/05/2026 22:05,10508.2331543,0,Intermedio
26/05/2026,24,26/05/2026 23:05,13094.0459596,0,Intermedio
27/05/2026,1,27/05/2026 00:05,17768.107057,0,Intermedio
27/05/2026,2,27/05/2026 01:05,17864.659059,0,Base
27/05/2026,3,27/05/2026 02:05,12899.8275153,0,Base
27/05/2026,4,27/05/2026 03:05,9675.4790039,0,Base
27/05/2026,5,27/05/2026 04:05,9390.036438,0,Base
27/05/2026,6,27/05/2026 05:05,11053.4420777,0,Base
27/05/2026,7,27/05/2026 06:05,12059.9153436,0,Intermedio
27/05/2026,8,27/05/2026 07:05,12939.843138,0,Intermedio
27/05/2026,9,27/05/2026 08:05,11751.4893804,0,Intermedio
27/05/2026,10,27/05/2026 09:05,12286.4231567,0,Intermedio
27/05/2026,11,27/05/2026 10:05,12682.668457,0,Intermedio
27/05/2026,12,27/05/2026 11:05,12575.147033,0,Intermedio
27/05/2026,13,27/05/2026 12:05,10360.5235596,0,Intermedio
27/05/2026,14,27/05/2026 13:05,10683.9605102,0,Intermedio
27/05/2026,15,27/05/2026 14:05,11888.7550064,0,Intermedio
27/05/2026,16,27/05/2026 15:05,10855.8425292,0,Intermedio
27/05/2026,17,27/05/2026 16:05,9080.4920045,0,Intermedio
27/05/2026,18,27/05/2026 17:05,5946.1299135,0,Intermedio
27/05/2026,19,27/05/2026 18:05,4726.1336364,0,Intermedio
27/05/2026,20,27/05/2026 19:05,5306.7864684,0,Intermedio
27/05/2026,21,27/05/2026 20:05,6994.9570009,0,Punta
27/05/2026,22,27/05/2026 21:05,10615.4899902,0,Punta
27/05/2026,23,27/05/2026 22:05,11078.4542237,0,Intermedio
27/05/2026,24,27/05/2026 23:05,12518.2202762,0,Intermedio
28/05/2026,1,28/05/2026 00:05,16587.358641,0,Intermedio
28/05/2026,2,28/05/2026 01:05,17089.573974,0,Base
28/05/2026,3,28/05/2026 02:05,10747.711975,0,Base
28/05/2026,4,28/05/2026 03:05,9435.5935667,0,Base
28/05/2026,5,28/05/2026 04:05,8806.9741211,0,Base
28/05/2026,6,28/05/2026 05:05,10129.7167359,0,Base
28/05/2026,7,28/05/2026 06:05,10858.2495727,0,Intermedio
28/05/2026,8,28/05/2026 07:05,10888.8733519,0,Intermedio
28/05/2026,9,28/05/2026 08:05,10396.5302122,0,Intermedio
28/05/2026,10,28/05/2026 09:05,10542.0775756,0,Intermedio
28/05/2026,11,28/05/2026 10:05,9226.5979306,0,Intermedio
28/05/2026,12,28/05/2026 11:05,0.0,0,Intermedio
28/05/2026,13,28/05/2026 12:05,6575.4542235,0,Intermedio
28/05/2026,14,28/05/2026 13:05,10278.1531981,0,Intermedio
28/05/2026,15,28/05/2026 14:05,8013.0336915,0,Intermedio
28/05/2026,16,28/05/2026 15:05,11864.0908201,0,Intermedio
28/05/2026,17,28/05/2026 16:05,12187.575804,0,Intermedio
28/05/2026,18,28/05/2026 17:05,11775.4633185,0,Intermedio
28/05/2026,19,28/05/2026 18:05,8973.8210449,0,Intermedio
28/05/2026,20,28/05/2026 19:05,6476.9926146,0,Intermedio
28/05/2026,21,28/05/2026 20:05,6195.4706117000005,0,Punta
28/05/2026,22,28/05/2026 21:05,5406.5099487,0,Punta
28/05/2026,23,28/05/2026 22:05,7863.3487244,0,Intermedio
28/05/2026,24,28/05/2026 23:05,9503.314087,0,Intermedio
29/05/2026,1,29/05/2026 00:05,10027.6010131,0,Intermedio
29/05/2026,2,29/05/2026 01:05,14688.3771996,0,Base
29/05/2026,3,29/05/2026 02:05,15744.291137,0,Base
29/05/2026,4,29/05/2026 03:05,12789.6626588,0,Base
29/05/2026,5,29/05/2026 04:05,8718.9588623,0,Base
29/05/2026,6,29/05/2026 05:05,8595.6709593,0,Base
29/05/2026,7,29/05/2026 06:05,9350.6099854,0,Intermedio
29/05/2026,8,29/05/2026 07:05,11671.506775,0,Intermedio
29/05/2026,9,29/05/2026 08:05,12591.7891245,0,Intermedio
29/05/2026,10,29/05/2026 09:05,12575.7687991,0,Intermedio
29/05/2026,11,29/05/2026 10:05,11208.2276609,0,Intermedio
29/05/2026,12,29/05/2026 11:05,13572.783205,0,Intermedio
29/05/2026,13,29/05/2026 12:05,12904.3790889,0,Intermedio
29/05/2026,14,29/05/2026 13:05,11496.4037484,0,Intermedio
29/05/2026,15,29/05/2026 14:05,10209.4813232,0,Intermedio
29/05/2026,16,29/05/2026 15:05,11400.9965206,0,Intermedio
29/05/2026,17,29/05/2026 16:05,9570.7847291,0,Intermedio
29/05/2026,18,29/05/2026 17:05,7829.4222414,0,Intermedio
29/05/2026,19,29/05/2026 18:05,5554.6333925,0,Intermedio
29/05/2026,20,29/05/2026 19:05,4148.1498719,0,Intermedio
29/05/2026,21,29/05/2026 20:05,4065.1387329,0,Punta
29/05/2026,22,29/05/2026 21:05,3740.2492067,0,Punta
29/05/2026,23,29/05/2026 22:05,5837.8283081,0,Intermedio
29/05/2026,24,29/05/2026 23:05,6515.1715089,0,Intermedio
30/05/2026,1,30/05/2026 00:05,8196.2310181,0,Intermedio
30/05/2026,2,30/05/2026 01:05,13277.8565684,0,Base
30/05/2026,3,30/05/2026 02:05,12477.7365123,0,Base
30/05/2026,4,30/05/2026 03:05,7882.7597044,0,Base
30/05/2026,5,30/05/2026 04:05,7978.4543456,0,Base
30/05/2026,6,30/05/2026 05:05,7813.3829346,0,Base
30/05/2026,7,30/05/2026 06:05,7461.988159099999,0,Base
30/05/2026,8,30/05/2026 07:05,9379.5760498,0,Intermedio
30/05/2026,9,30/05/2026 08:05,9911.6968385,0,Intermedio
30/05/2026,10,30/05/2026 09:05,9137.6621093,0,Intermedio
30/05/2026,11,30/05/2026 10:05,7779.62854,0,Intermedio
30/05/2026,12,30/05/2026 11:05,8571.9408569,0,Intermedio
30/05/2026,13,30/05/2026 12:05,9259.389099,0,Intermedio
30/05/2026,14,30/05/2026 13:05,8223.1793823,0,Intermedio
30/05/2026,15,30/05/2026 14:05,7128.9070433,0,Intermedio
30/05/2026,16,30/05/2026 15:05,7074.0956421,0,Intermedio
30/05/2026,17,30/05/2026 16:05,6805.18042,0,Intermedio
30/05/2026,18,30/05/2026 17:05,6042.6892702000005,0,Intermedio
30/05/2026,19,30/05/2026 18:05,6094.4090881,0,Intermedio
30/05/2026,20,30/05/2026 19:05,5410.9653321,0,Intermedio
30/05/2026,21,30/05/2026 20:05,5261.6188355,0,Intermedio
30/05/2026,22,30/05/2026 21:05,4833.0054015000005,0,Intermedio
30/05/2026,23,30/05/2026 22:05,7374.3135987,0,Intermedio
30/05/2026,24,30/05/2026 23:05,8766.7176514,0,Intermedio
31/05/2026,1,31/05/2026 00:05,8315.8358154,0,Base
31/05/2026,2,31/05/2026 01:05,12725.464538299999,0,Base
31/05/2026,3,31/05/2026 02:05,14001.958494999999,0,Base
31/05/2026,4,31/05/2026 03:05,6918.673034699999,0,Base
31/05/2026,5,31/05/2026 04:05,6483.5660401000005,0,Base
31/05/2026,6,31/05/2026 05:05,5716.4394532,0,Base
31/05/2026,7,31/05/2026 06:05,5599.0798034,0,Base
31/05/2026,8,31/05/2026 07:05,5626.1349181,0,Base
31/05/2026,9,31/05/2026 08:05,5878.0565187,0,Base
31/05/2026,10,31/05/2026 09:05,5971.049377400001,0,Base
31/05/2026,11,31/05/2026 10:05,5860.1857606,0,Base
31/05/2026,12,31/05/2026 11:05,5837.1203613,0,Base
31/05/2026,13,31/05/2026 12:05,5736.4265443,0,Base
31/05/2026,14,31/05/2026 13:05,5555.5608825,0,Base
31/05/2026,15,31/05/2026 14:05,5057.4089967,0,Base
31/05/2026,16,31/05/2026 15:05,4797.9876402,0,Base
31/05/2026,17,31/05/2026 16:05,4691.8313292,0,Base
31/05/2026,18,31/05/2026 17:05,4331.2512512,0,Base
31/05/2026,19,31/05/2026 18:05,3936.6249389,0,Base
31/05/2026,20,31/05/2026 19:05,3385.0616455,0,Intermedio
31/05/2026,21,31/05/2026 20:05,3486.2132109,0,Intermedio
31/05/2026,22,31/05/2026 21:05,3522.9923401,0,Intermedio
31/05/2026,23,31/05/2026 22:05,4229.8475037,0,Intermedio
31/05/2026,24,31/05/2026 23:05,4510.2879638,0,Intermedio
01/06/2026,1,01/06/2026 00:05,4656.3407897,0,Intermedio
01/06/2026,2,01/06/2026 01:05,8611.4580385,0,Base
01/06/2026,3,01/06/2026 02:05,4714.1640627,0,Base
01/06/2026,4,01/06/2026 03:05,4832.2695311,0,Base
01/06/2026,5,01/06/2026 04:05,4427.9704286,0,Base
01/06/2026,6,01/06/2026 05:05,4973.537384,0,Base
01/06/2026,7,01/06/2026 06:05,5888.8432923,0,Intermedio
01/06/2026,8,01/06/2026 07:05,7259.0314332,0,Intermedio
01/06/2026,9,01/06/2026 08:05,8666.5483399,0,Intermedio
01/06/2026,10,01/06/2026 09:05,9520.6185303,0,Intermedio
01/06/2026,11,01/06/2026 10:05,7672.2608033,0,Intermedio
01/06/2026,12,01/06/2026 11:05,9065.5280762,0,Intermedio
01/06/2026,13,01/06/2026 12:05,9967.2906496,0,Intermedio
01/06/2026,14,01/06/2026 13:05,8687.7391968,0,Intermedio
01/06/2026,15,01/06/2026 14:05,7647.7654421,0,Intermedio
01/06/2026,16,01/06/2026 15:05,9167.3960571,0,Intermedio
01/06/2026,17,01/06/2026 16:05,8920.106079,0,Intermedio
01/06/2026,18,01/06/2026 17:05,8479.1853638,0,Intermedio
01/06/2026,19,01/06/2026 18:05,6343.8084717,0,Intermedio
01/06/2026,20,01/06/2026 19:05,3865.5311585,0,Intermedio
01/06/2026,21,01/06/2026 20:05,3766.9855653,0,Punta
01/06/2026,22,01/06/2026 21:05,3040.79216,0,Punta
01/06/2026,23,01/06/2026 22:05,5814.4926149,0,Intermedio
01/06/2026,24,01/06/2026 23:05,6879.8267212,0,Intermedio
02/06/2026,1,02/06/2026 00:05,8440.4757692,0,Intermedio
02/06/2026,2,02/06/2026 01:05,13533.6188965,0,Base
02/06/2026,3,02/06/2026 02:05,14822.083616,0,Base
02/06/2026,4,02/06/2026 03:05,11503.8372181,0,Base
02/06/2026,5,02/06/2026 04:05,8856.9805908,0,Base
02/06/2026,6,02/06/2026 05:05,8175.4743042,0,Base
02/06/2026,7,02/06/2026 06:05,7782.1331178,0,Intermedio
02/06/2026,8,02/06/2026 07:05,9547.5842895,0,Intermedio
02/06/2026,9,02/06/2026 08:05,9208.5532227,0,Intermedio
02/06/2026,10,02/06/2026 09:05,9321.1174927,0,Intermedio
02/06/2026,11,02/06/2026 10:05,7548.1604005,0,Intermedio
02/06/2026,12,02/06/2026 11:05,9835.2002563,0,Intermedio
02/06/2026,13,02/06/2026 12:05,10800.2418213,0,Intermedio
02/06/2026,14,02/06/2026 13:05,8693.8152467,0,Intermedio
02/06/2026,15,02/06/2026 14:05,7638.437317,0,Intermedio
02/06/2026,16,02/06/2026 15:05,8766.6278076,0,Intermedio
02/06/2026,17,02/06/2026 16:05,8952.454895,0,Intermedio
02/06/2026,18,02/06/2026 17:05,7771.3294068,0,Intermedio
02/06/2026,19,02/06/2026 18:05,6017.2458801,0,Intermedio
02/06/2026,20,02/06/2026 19:05,3929.668457,0,Intermedio
02/06/2026,21,02/06/2026 20:05,3746.319519,0,Punta
02/06/2026,22,02/06/2026 21:05,3148.5426025,0,Punta
02/06/2026,23,02/06/2026 22:05,6118.580551200001,0,Intermedio
02/06/2026,24,02/06/2026 23:05,7079.812439,0,Intermedio
03/06/2026,1,03/06/2026 00:05,9434.4307249,0,Intermedio
03/06/2026,2,03/06/2026 01:05,14123.9984121,0,Base
03/06/2026,3,03/06/2026 02:05,15074.977173,0,Base
03/06/2026,4,03/06/2026 03:05,13268.917296,0,Base
03/06/2026,5,03/06/2026 04:05,8502.4593504,0,Base
03/06/2026,6,03/06/2026 05:05,8123.234314,0,Base
03/06/2026,7,03/06/2026 06:05,8023.256775100001,0,Intermedio
03/06/2026,8,03/06/2026 07:05,9294.6672363,0,Intermedio
03/06/2026,9,03/06/2026 08:05,10444.6024169,0,Intermedio
03/06/2026,10,03/06/2026 09:05,11098.4104614,0,Intermedio
03/06/2026,11,03/06/2026 10:05,8814.7395629,0,Intermedio
03/06/2026,12,03/06/2026 11:05,10633.6091308,0,Intermedio
03/06/2026,13,03/06/2026 12:05,10525.3419191,0,Intermedio
03/06/2026,14,03/06/2026 13:05,11208.3281853,0,Intermedio
03/06/2026,15,03/06/2026 14:05,10482.3491821,0,Intermedio
03/06/2026,16,03/06/2026 15:05,11501.2369997,0,Intermedio
03/06/2026,17,03/06/2026 16:05,11925.0525519,0,Intermedio
03/06/2026,18,03/06/2026 17:05,11841.0443117,0,Intermedio
03/06/2026,19,03/06/2026 18:05,9141.8860167,0,Intermedio
03/06/2026,20,03/06/2026 19:05,5833.559906,0,Intermedio
03/06/2026,21,03/06/2026 20:05,5819.6703491,0,Punta
03/06/2026,22,03/06/2026 21:05,5218.7987062,0,Punta
03/06/2026,23,03/06/2026 22:05,7405.4092713,0,Intermedio
03/06/2026,24,03/06/2026 23:05,9053.59375,0,Intermedio
04/06/2026,1,04/06/2026 00:05,9451.2003172,0,Intermedio
04/06/2026,2,04/06/2026 01:05,14284.7308957,0,Base
04/06/2026,3,04/06/2026 02:05,15673.471679,0,Base
04/06/2026,4,04/06/2026 03:05,11435.621277,0,Base
04/06/2026,5,04/06/2026 04:05,8834.3922119,0,Base
04/06/2026,6,04/06/2026 05:05,8311.4201661,0,Base
04/06/2026,7,04/06/2026 06:05,8573.525024300001,0,Intermedio
04/06/2026,8,04/06/2026 07:05,10248.7149658,0,Intermedio
04/06/2026,9,04/06/2026 08:05,10157.1240845,0,Intermedio
04/06/2026,10,04/06/2026 09:05,10979.1081542,0,Intermedio
04/06/2026,11,04/06/2026 10:05,10008.043091,0,Intermedio
04/06/2026,12,04/06/2026 11:05,11779.8793338,0,Intermedio
04/06/2026,13,04/06/2026 12:05,11578.0753785,0,Intermedio
04/06/2026,14,04/06/2026 13:05,10292.298156699999,0,Intermedio
04/06/2026,15,04/06/2026 14:05,10917.3119506,0,Intermedio
04/06/2026,16,04/06/2026 15:05,12919.2293702,0,Intermedio
04/06/2026,17,04/06/2026 16:05,13129.918701,0,Intermedio
04/06/2026,18,04/06/2026 17:05,12396.036500100001,0,Intermedio
04/06/2026,19,04/06/2026 18:05,9096.8824768,0,Intermedio
04/06/2026,20,04/06/2026 19:05,6173.0530395000005,0,Intermedio
04/06/2026,21,04/06/2026 20:05,5677.8170775,0,Punta
04/06/2026,22,04/06/2026 21:05,4969.7969971,0,Punta
04/06/2026,23,04/06/2026 22:05,7753.8347473,0,Intermedio
04/06/2026,24,04/06/2026 23:05,9191.3648071,0,Intermedio
05/06/2026,1,05/06/2026 00:05,9582.4819336,0,Intermedio
05/06/2026,2,05/06/2026 01:05,14539.6862795,0,Base
05/06/2026,3,05/06/2026 02:05,16091.133055,0,Base
05/06/2026,4,05/06/2026 03:05,15602.3557133,0,Base
05/06/2026,5,05/06/2026 04:05,8121.8057861,0,Base
05/06/2026,6,05/06/2026 05:05,7796.447693,0,Base
05/06/2026,7,05/06/2026 06:05,7495.4630126,0,Intermedio
05/06/2026,8,05/06/2026 07:05,8424.1267699,0,Intermedio
05/06/2026,9,05/06/2026 08:05,9401.5477905,0,Intermedio
05/06/2026,10,05/06/2026 09:05,9491.913208,0,Intermedio
05/06/2026,11,05/06/2026 10:05,8391.4838868,0,Intermedio
05/06/2026,12,05/06/2026 11:05,10412.0827027,0,Intermedio
05/06/2026,13,05/06/2026 12:05,10254.7541504,0,Intermedio
05/06/2026,14,05/06/2026 13:05,9149.3328857,0,Intermedio
05/06/2026,15,05/06/2026 14:05,8430.661254999999,0,Intermedio
05/06/2026,16,05/06/2026 15:05,9267.8695678,0,Intermedio
05/06/2026,17,05/06/2026 16:05,9030.3093873,0,Intermedio
05/06/2026,18,05/06/2026 17:05,8558.6721802,0,Intermedio
05/06/2026,19,05/06/2026 18:05,5601.253723,0,Intermedio
05/06/2026,20,05/06/2026 19:05,4946.7384338,0,Intermedio
05/06/2026,21,05/06/2026 20:05,5019.8803101,0,Punta
05/06/2026,22,05/06/2026 21:05,4372.4065551,0,Punta
05/06/2026,23,05/06/2026 22:05,6989.5728761,0,Intermedio
05/06/2026,24,05/06/2026 23:05,8264.3755494,0,Intermedio
06/06/2026,1,06/06/2026 00:05,8320.1380005,0,Intermedio
06/06/2026,2,06/06/2026 01:05,13045.489685,0,Base
06/06/2026,3,06/06/2026 02:05,14260.567016,0,Base
06/06/2026,4,06/06/2026 03:05,13713.1604615,0,Base
06/06/2026,5,06/06/2026 04:05,7195.0452882,0,Base
06/06/2026,6,06/06/2026 05:05,6929.2657473,0,Base
06/06/2026,7,06/06/2026 06:05,6762.4978941,0,Base
06/06/2026,8,06/06/2026 07:05,8299.6159057,0,Intermedio
06/06/2026,9,06/06/2026 08:05,9349.0667727,0,Intermedio
06/06/2026,10,06/06/2026 09:05,9678.1000978,0,Intermedio
06/06/2026,11,06/06/2026 10:05,7205.2129516,0,Intermedio
06/06/2026,12,06/06/2026 11:05,9014.4428102,0,Intermedio
06/06/2026,13,06/06/2026 12:05,8343.3103027,0,Intermedio
06/06/2026,14,06/06/2026 13:05,7218.1782836,0,Intermedio
06/06/2026,15,06/06/2026 14:05,7430.6659241,0,Intermedio
06/06/2026,16,06/06/2026 15:05,6755.0169068,0,Intermedio
06/06/2026,17,06/06/2026 16:05,7083.4916382,0,Intermedio
06/06/2026,18,06/06/2026 17:05,8503.5034791,0,Intermedio
06/06/2026,19,06/06/2026 18:05,7542.5740968,0,Intermedio
06/06/2026,20,06/06/2026 19:05,7754.8955079,0,Intermedio
06/06/2026,21,06/06/2026 20:05,7710.3582762,0,Intermedio
06/06/2026,22,06/06/2026 21:05,6560.85849,0,Intermedio
06/06/2026,23,06/06/2026 22:05,5820.7705079,0,Intermedio
06/06/2026,24,06/06/2026 23:05,6153.3342591,0,Intermedio
07/06/2026,1,07/06/2026 00:05,5902.5943910000005,0,Base
07/06/2026,2,07/06/2026 01:05,5879.7315673,0,Base
07/06/2026,3,07/06/2026 02:05,5757.8011169,0,Base
07/06/2026,4,07/06/2026 03:05,5230.4953308,0,Base
07/06/2026,5,07/06/2026 04:05,4838.6744996,0,Base
07/06/2026,6,07/06/2026 05:05,4369.8207093,0,Base
07/06/2026,7,07/06/2026 06:05,3696.5585329,0,Base
07/06/2026,8,07/06/2026 07:05,3564.7875367,0,Base
07/06/2026,9,07/06/2026 08:05,3754.0323792,0,Base
07/06/2026,10,07/06/2026 09:05,3964.535553,0,Base
07/06/2026,11,07/06/2026 10:05,3876.1304323,0,Base
07/06/2026,12,07/06/2026 11:05,3945.571106,0,Base
07/06/2026,13,07/06/2026 12:05,4103.945038,0,Base
07/06/2026,14,07/06/2026 13:05,3955.4889222,0,Base
07/06/2026,15,07/06/2026 14:05,3943.7428284,0,Base
07/06/2026,16,07/06/2026 15:05,4093.1398925,0,Base
07/06/2026,17,07/06/2026 16:05,4065.1919556,0,Base
07/06/2026,18,07/06/2026 17:05,3704.651062,0,Base
07/06/2026,19,07/06/2026 18:05,3439.3594664,0,Base
07/06/2026,20,07/06/2026 19:05,3650.6719972,0,Intermedio
07/06/2026,21,07/06/2026 20:05,3593.0896912999997,0,Intermedio
07/06/2026,22,07/06/2026 21:05,3638.2563782,0,Intermedio
07/06/2026,23,07/06/2026 22:05,3592.9975888999998,0,Intermedio
07/06/2026,24,07/06/2026 23:05,3646.4167482000003,0,Intermedio
08/06/2026,1,08/06/2026 00:05,3639.3000182,0,Intermedio
08/06/2026,2,08/06/2026 01:05,3885.3752137,0,Base
08/06/2026,3,08/06/2026 02:05,3729.404358,0,Base
08/06/2026,4,08/06/2026 03:05,3776.4380493999997,0,Base
08/06/2026,5,08/06/2026 04:05,3674.7128295,0,Base
08/06/2026,6,08/06/2026 05:05,3812.2050476,0,Base
08/06/2026,7,08/06/2026 06:05,4490.9931488,0,Intermedio
08/06/2026,8,08/06/2026 07:05,5497.7275389999995,0,Intermedio
08/06/2026,9,08/06/2026 08:05,7992.6672975,0,Intermedio
08/06/2026,10,08/06/2026 09:05,7673.341186600001,0,Intermedio
08/06/2026,11,08/06/2026 10:05,6225.4320373,0,Intermedio
08/06/2026,12,08/06/2026 11:05,7460.1249391,0,Intermedio
08/06/2026,13,08/06/2026 12:05,7987.6582641,0,Intermedio
08/06/2026,14,08/06/2026 13:05,6867.9790344,0,Intermedio
08/06/2026,15,08/06/2026 14:05,6378.0172119,0,Intermedio
08/06/2026,16,08/06/2026 15:05,7668.4951782,0,Intermedio
08/06/2026,17,08/06/2026 16:05,8216.1373901,0,Intermedio
08/06/2026,18,08/06/2026 17:05,7782.367798,0,Intermedio
08/06/2026,19,08/06/2026 18:05,5330.0126039,0,Intermedio
08/06/2026,20,08/06/2026 19:05,4530.0353393000005,0,Intermedio
08/06/2026,21,08/06/2026 20:05,3991.7697754,0,Punta
08/06/2026,22,08/06/2026 21:05,3257.3428345,0,Punta
08/06/2026,23,08/06/2026 22:05,4777.2881164,0,Intermedio
08/06/2026,24,08/06/2026 23:05,5504.8558654,0,Intermedio
09/06/2026,1,09/06/2026 00:05,6736.8225708,0,Intermedio
09/06/2026,2,09/06/2026 01:05,11758.8471687,0,Base
09/06/2026,3,09/06/2026 02:05,9348.180786500001,0,Base
09/06/2026,4,09/06/2026 03:05,7132.8972777,0,Base
09/06/2026,5,09/06/2026 04:05,6441.1793825,0,Base
09/06/2026,6,09/06/2026 05:05,6198.4715271000005,0,Base
09/06/2026,7,09/06/2026 06:05,5654.0621644,0,Intermedio
09/06/2026,8,09/06/2026 07:05,6843.4067994,0,Intermedio
09/06/2026,9,09/06/2026 08:05,8305.8779907,0,Intermedio
09/06/2026,10,09/06/2026 09:05,8884.6029664,0,Intermedio
09/06/2026,11,09/06/2026 10:05,7733.2387084,0,Intermedio
09/06/2026,12,09/06/2026 11:05,8291.399475,0,Intermedio
09/06/2026,13,09/06/2026 12:05,8395.3394165,0,Intermedio
09/06/2026,14,09/06/2026 13:05,7429.828186,0,Intermedio
09/06/2026,15,09/06/2026 14:05,6638.7089232,0,Intermedio
09/06/2026,16,09/06/2026 15:05,7837.3305055,0,Intermedio
09/06/2026,17,09/06/2026 16:05,7555.5682983,0,Intermedio
09/06/2026,18,09/06/2026 17:05,7712.0092163,0,Intermedio
09/06/2026,19,09/06/2026 18:05,5843.453888,0,Intermedio
09/06/2026,20,09/06/2026 19:05,4806.4049987,0,Intermedio
09/06/2026,21,09/06/2026 20:05,4589.9513551,0,Punta
09/06/2026,22,09/06/2026 21:05,3845.5946961,0,Punta
09/06/2026,23,09/06/2026 22:05,4938.3703003,0,Intermedio
09/06/2026,24,09/06/2026 23:05,5560.4246826,0,Intermedio
10/06/2026,1,10/06/2026 00:05,6735.9570923,0,Intermedio
10/06/2026,2,10/06/2026 01:05,11968.5897826,0,Base
10/06/2026,3,10/06/2026 02:05,7722.8016363,0,Base
10/06/2026,4,10/06/2026 03:05,6791.6090697,0,Base
10/06/2026,5,10/06/2026 04:05,6624.9478761,0,Base
10/06/2026,6,10/06/2026 05:05,6286.600525,0,Base
10/06/2026,7,10/06/2026 06:05,5703.1901245,0,Intermedio
10/06/2026,8,10/06/2026 07:05,7016.8851318,0,Intermedio
10/06/2026,9,10/06/2026 08:05,7819.001648,0,Intermedio
10/06/2026,10,10/06/2026 09:05,9027.6472168,0,Intermedio
10/06/2026,11,10/06/2026 10:05,7554.3562623,0,Intermedio
10/06/2026,12,10/06/2026 11:05,8806.4158935,0,Intermedio
10/06/2026,13,10/06/2026 12:05,9375.0498048,0,Intermedio
10/06/2026,14,10/06/2026 13:05,7641.9507753,0,Intermedio
10/06/2026,15,10/06/2026 14:05,7159.5550232000005,0,Intermedio
10/06/2026,16,10/06/2026 15:05,7607.1536865,0,Intermedio
10/06/2026,17,10/06/2026 16:05,8371.1931153,0,Intermedio
10/06/2026,18,10/06/2026 17:05,8718.5476686,0,Intermedio
10/06/2026,19,10/06/2026 18:05,7019.5048218,0,Intermedio
10/06/2026,20,10/06/2026 19:05,6412.1525881,0,Intermedio
10/06/2026,21,10/06/2026 20:05,6189.1036989,0,Punta
10/06/2026,22,10/06/2026 21:05,5652.2105713,0,Punta
10/06/2026,23,10/06/2026 22:05,6785.7700501,0,Intermedio
10/06/2026,24,10/06/2026 23:05,7256.5592652,0,Intermedio
11/06/2026,1,11/06/2026 00:05,7293.0799561,0,Intermedio
11/06/2026,2,11/06/2026 01:05,12192.0301512,0,Base
11/06/2026,3,11/06/2026 02:05,7408.918579,0,Base
11/06/2026,4,11/06/2026 03:05,7211.6119995,0,Base
11/06/2026,5,11/06/2026 04:05,7015.4809569,0,Base
11/06/2026,6,11/06/2026 05:05,6635.5134887,0,Base
11/06/2026,7,11/06/2026 06:05,5585.2715455,0,Intermedio
11/06/2026,8,11/06/2026 07:05,6811.2952269,0,Intermedio
11/06/2026,9,11/06/2026 08:05,7995.9270629,0,Intermedio
11/06/2026,10,11/06/2026 09:05,8739.2114258,0,Intermedio
11/06/2026,11,11/06/2026 10:05,7774.5641479,0,Intermedio
11/06/2026,12,11/06/2026 11:05,8079.1074831,0,Intermedio
11/06/2026,13,11/06/2026 12:05,8114.960266,0,Intermedio
11/06/2026,14,11/06/2026 13:05,7461.3268433,0,Intermedio
11/06/2026,15,11/06/2026 14:05,8703.4340821,0,Intermedio
11/06/2026,16,11/06/2026 15:05,9266.162781,0,Intermedio
11/06/2026,17,11/06/2026 16:05,9456.6501465,0,Intermedio
11/06/2026,18,11/06/2026 17:05,9153.7797852,0,Intermedio
11/06/2026,19,11/06/2026 18:05,7040.7460022,0,Intermedio
11/06/2026,20,11/06/2026 19:05,6169.090088,0,Intermedio
11/06/2026,21,11/06/2026 20:05,6108.6679382,0,Punta
11/06/2026,22,11/06/2026 21:05,5516.4793395,0,Punta
11/06/2026,23,11/06/2026 22:05,6330.8381957,0,Intermedio
11/06/2026,24,11/06/2026 23:05,7037.6577761,0,Intermedio
12/06/2026,1,12/06/2026 00:05,6886.6394654,0,Intermedio
12/06/2026,2,12/06/2026 01:05,11620.5521246,0,Base
12/06/2026,3,12/06/2026 02:05,7291.9790039,0,Base
12/06/2026,4,12/06/2026 03:05,7211.1448364,0,Base
12/06/2026,5,12/06/2026 04:05,6439.9158936,0,Base
12/06/2026,6,12/06/2026 05:05,6213.2507629,0,Base
12/06/2026,7,12/06/2026 06:05,5914.4172973,0,Intermedio
12/06/2026,8,12/06/2026 07:05,6933.9771120000005,0,Intermedio
12/06/2026,9,12/06/2026 08:05,7927.9863281,0,Intermedio
12/06/2026,10,12/06/2026 09:05,7757.480651899999,0,Intermedio
12/06/2026,11,12/06/2026 10:05,6455.3418884,0,Intermedio
12/06/2026,12,12/06/2026 11:05,8655.2028807,0,Intermedio
12/06/2026,13,12/06/2026 12:05,7544.868103,0,Intermedio
12/06/2026,14,12/06/2026 13:05,6060.312256,0,Intermedio
12/06/2026,15,12/06/2026 14:05,5315.7730102000005,0,Intermedio
12/06/2026,16,12/06/2026 15:05,5524.5952148999995,0,Intermedio
12/06/2026,17,12/06/2026 16:05,5480.9578857,0,Intermedio
12/06/2026,18,12/06/2026 17:05,4923.4826356,0,Intermedio
12/06/2026,19,12/06/2026 18:05,4064.3775329,0,Intermedio
12/06/2026,20,12/06/2026 19:05,4237.9071656,0,Intermedio
12/06/2026,21,12/06/2026 20:05,4143.2633055999995,0,Punta
12/06/2026,22,12/06/2026 21:05,3513.1126405,0,Punta
12/06/2026,23,12/06/2026 22:05,4135.3109437,0,Intermedio
12/06/2026,24,12/06/2026 23:05,4676.1208802,0,Intermedio
13/06/2026,1,13/06/2026 00:05,6318.0396423,0,Intermedio
13/06/2026,2,13/06/2026 01:05,8269.3146967,0,Base
13/06/2026,3,13/06/2026 02:05,6201.0318298,0,Base
13/06/2026,4,13/06/2026 03:05,6734.309845,0,Base
13/06/2026,5,13/06/2026 04:05,5923.6414795,0,Base
13/06/2026,6,13/06/2026 05:05,5715.3421326,0,Base
13/06/2026,7,13/06/2026 06:05,5071.884918199999,0,Base
13/06/2026,8,13/06/2026 07:05,6300.4703673,0,Intermedio
13/06/2026,9,13/06/2026 08:05,7350.1062622,0,Intermedio
13/06/2026,10,13/06/2026 09:05,6313.1213377,0,Intermedio
13/06/2026,11,13/06/2026 10:05,5171.1262818,0,Intermedio
13/06/2026,12,13/06/2026 11:05,6347.7427674,0,Intermedio
13/06/2026,13,13/06/2026 12:05,6135.2459106,0,Intermedio
13/06/2026,14,13/06/2026 13:05,4704.5413512,0,Intermedio
13/06/2026,15,13/06/2026 14:05,4694.3608399,0,Intermedio
13/06/2026,16,13/06/2026 15:05,4807.5184937,0,Intermedio
13/06/2026,17,13/06/2026 16:05,4701.7790527,0,Intermedio
13/06/2026,18,13/06/2026 17:05,5044.0082702,0,Intermedio
13/06/2026,19,13/06/2026 18:05,4332.554016,0,Intermedio
13/06/2026,20,13/06/2026 19:05,3702.6094969,0,Intermedio
13/06/2026,21,13/06/2026 20:05,3500.6793213,0,Intermedio
13/06/2026,22,13/06/2026 21:05,3016.8034669,0,Intermedio
13/06/2026,23,13/06/2026 22:05,4090.371872,0,Intermedio
13/06/2026,24,13/06/2026 23:05,4140.8168946,0,Intermedio
14/06/2026,1,14/06/2026 00:05,5631.8153686,0,Base
14/06/2026,2,14/06/2026 01:05,10475.7946153,0,Base
14/06/2026,3,14/06/2026 02:05,5639.9205628,0,Base
14/06/2026,4,14/06/2026 03:05,5603.4646606,0,Base
14/06/2026,5,14/06/2026 04:05,5590.6801757,0,Base
14/06/2026,6,14/06/2026 05:05,5289.9916689,0,Base
14/06/2026,7,14/06/2026 06:05,4866.4696655,0,Base
14/06/2026,8,14/06/2026 07:05,4803.9070739,0,Base
14/06/2026,9,14/06/2026 08:05,5140.5041505,0,Base
14/06/2026,10,14/06/2026 09:05,5533.688507,0,Base
14/06/2026,11,14/06/2026 10:05,6057.3886414,0,Base
14/06/2026,12,14/06/2026 11:05,6475.144348,0,Base
14/06/2026,13,14/06/2026 12:05,6733.9791261,0,Base
14/06/2026,14,14/06/2026 13:05,6550.0446168,0,Base
14/06/2026,15,14/06/2026 14:05,6344.2868043,0,Base
14/06/2026,16,14/06/2026 15:05,6555.6640015,0,Base
14/06/2026,17,14/06/2026 16:05,6240.6735231,0,Base
14/06/2026,18,14/06/2026 17:05,5970.3915712,0,Base
14/06/2026,19,14/06/2026 18:05,5069.2930907,0,Base
14/06/2026,20,14/06/2026 19:05,3811.8478697,0,Intermedio
14/06/2026,21,14/06/2026 20:05,3829.2722472,0,Intermedio
14/06/2026,22,14/06/2026 21:05,6036.4198611,0,Intermedio
14/06/2026,23,14/06/2026 22:05,6348.7183533,0,Intermedio
14/06/2026,24,14/06/2026 23:05,6109.9841612,0,Intermedio
15/06/2026,1,15/06/2026 00:05,6265.6026306,0,Intermedio
15/06/2026,2,15/06/2026 01:05,11427.294920600001,0,Base
15/06/2026,3,15/06/2026 02:05,7471.5972294,0,Base
15/06/2026,4,15/06/2026 03:05,6234.0257568,0,Base
15/06/2026,5,15/06/2026 04:05,5751.8918762,0,Base
15/06/2026,6,15/06/2026 05:05,5914.6149291,0,Base
15/06/2026,7,15/06/2026 06:05,5494.3410949,0,Intermedio
15/06/2026,8,15/06/2026 07:05,6631.2391969,0,Intermedio
15/06/2026,9,15/06/2026 08:05,7182.8358763,0,Intermedio
15/06/2026,10,15/06/2026 09:05,7716.3264161,0,Intermedio
15/06/2026,11,15/06/2026 10:05,7727.7013551,0,Intermedio
15/06/2026,12,15/06/2026 11:05,9023.6427613,0,Intermedio
15/06/2026,13,15/06/2026 12:05,8367.635070799999,0,Intermedio
15/06/2026,14,15/06/2026 13:05,8596.8295289,0,Intermedio
15/06/2026,15,15/06/2026 14:05,8124.4110107,0,Intermedio
15/06/2026,16,15/06/2026 15:05,8497.8020629,0,Intermedio
15/06/2026,17,15/06/2026 16:05,8045.3206177,0,Intermedio
15/06/2026,18,15/06/2026 17:05,8014.3063354000005,0,Intermedio
15/06/2026,19,15/06/2026 18:05,6458.998291100001,0,Intermedio
15/06/2026,20,15/06/2026 19:05,4706.5720825,0,Intermedio
15/06/2026,21,15/06/2026 20:05,4526.4768677,0,Punta
15/06/2026,22,15/06/2026 21:05,3360.7386016,0,Punta
15/06/2026,23,15/06/2026 22:05,6045.7256773,0,Intermedio
15/06/2026,24,15/06/2026 23:05,7171.2026367,0,Intermedio
16/06/2026,1,16/06/2026 00:05,8402.9849241,0,Intermedio
16/06/2026,2,16/06/2026 01:05,13447.1369619,0,Base
16/06/2026,3,16/06/2026 02:05,13753.450561,0,Base
16/06/2026,4,16/06/2026 03:05,12223.2340706,0,Base
16/06/2026,5,16/06/2026 04:05,8717.6194457,0,Base
16/06/2026,6,16/06/2026 05:05,7788.4169922,0,Base
16/06/2026,7,16/06/2026 06:05,6290.3099671,0,Intermedio
16/06/2026,8,16/06/2026 07:05,7330.9697265,0,Intermedio
16/06/2026,9,16/06/2026 08:05,8353.4236449,0,Intermedio
16/06/2026,10,16/06/2026 09:05,8596.3472289,0,Intermedio
16/06/2026,11,16/06/2026 10:05,7322.0041504,0,Intermedio
16/06/2026,12,16/06/2026 11:05,9112.6194457,0,Intermedio
16/06/2026,13,16/06/2026 12:05,9632.0855102,0,Intermedio
16/06/2026,14,16/06/2026 13:05,8546.5937499,0,Intermedio
16/06/2026,15,16/06/2026 14:05,6971.3656615,0,Intermedio
16/06/2026,16,16/06/2026 15:05,7508.5076905,0,Intermedio
16/06/2026,17,16/06/2026 16:05,8221.2374269,0,Intermedio
16/06/2026,18,16/06/2026 17:05,7422.6748658,0,Intermedio
16/06/2026,19,16/06/2026 18:05,6356.8695067,0,Intermedio
16/06/2026,20,16/06/2026 19:05,4191.2927551,0,Intermedio
16/06/2026,21,16/06/2026 20:05,3978.501709,0,Punta
16/06/2026,22,16/06/2026 21:05,3545.252472,0,Punta
16/06/2026,23,16/06/2026 22:05,6502.837982,0,Intermedio
16/06/2026,24,16/06/2026 23:05,7873.4058226,0,Intermedio
17/06/2026,1,17/06/2026 00:05,9598.6090086,0,Intermedio
17/06/2026,2,17/06/2026 01:05,14496.2559824,0,Base
17/06/2026,3,17/06/2026 02:05,15407.953001,0,Base
17/06/2026,4,17/06/2026 03:05,10796.0233771,0,Base
17/06/2026,5,17/06/2026 04:05,9133.1713867,0,Base
17/06/2026,6,17/06/2026 05:05,8365.4365236,0,Base
17/06/2026,7,17/06/2026 06:05,7847.4148864,0,Intermedio
17/06/2026,8,17/06/2026 07:05,10768.3963007,0,Intermedio
17/06/2026,9,17/06/2026 08:05,12610.2431652,0,Intermedio
17/06/2026,10,17/06/2026 09:05,13214.871705,0,Intermedio
17/06/2026,11,17/06/2026 10:05,9762.7150878,0,Intermedio
17/06/2026,12,17/06/2026 11:05,11217.7362062,0,Intermedio
17/06/2026,13,17/06/2026 12:05,10904.9654542,0,Intermedio
17/06/2026,14,17/06/2026 13:05,9573.2360229,0,Intermedio
17/06/2026,15,17/06/2026 14:05,8156.1298217,0,Intermedio
17/06/2026,16,17/06/2026 15:05,8740.807434,0,Intermedio
17/06/2026,17,17/06/2026 16:05,8753.1913451,0,Intermedio
17/06/2026,18,17/06/2026 17:05,8971.8101808,0,Intermedio
17/06/2026,19,17/06/2026 18:05,7047.6609192,0,Intermedio
17/06/2026,20,17/06/2026 19:05,4472.1104736,0,Intermedio
17/06/2026,21,17/06/2026 20:05,4239.7434998,0,Punta
17/06/2026,22,17/06/2026 21:05,3544.4552615,0,Punta
17/06/2026,23,17/06/2026 22:05,6357.4035035,0,Intermedio
17/06/2026,24,17/06/2026 23:05,7374.1819458,0,Intermedio
18/06/2026,1,18/06/2026 00:05,9257.4810792,0,Intermedio
18/06/2026,2,18/06/2026 01:05,13982.9132077,0,Base
18/06/2026,3,18/06/2026 02:05,15231.512574,0,Base
18/06/2026,4,18/06/2026 03:05,9240.9838871,0,Base
18/06/2026,5,18/06/2026 04:05,8451.470642,0,Base
18/06/2026,6,18/06/2026 05:05,8201.511230600001,0,Base
18/06/2026,7,18/06/2026 06:05,6815.3310548,0,Intermedio
18/06/2026,8,18/06/2026 07:05,8043.3259277,0,Intermedio
18/06/2026,9,18/06/2026 08:05,9290.6809083,0,Intermedio
18/06/2026,10,18/06/2026 09:05,9233.3306884,0,Intermedio
18/06/2026,11,18/06/2026 10:05,8107.7510987,0,Intermedio
18/06/2026,12,18/06/2026 11:05,8680.9503174,0,Intermedio
18/06/2026,13,18/06/2026 12:05,9068.8250122,0,Intermedio
18/06/2026,14,18/06/2026 13:05,7939.8911437,0,Intermedio
18/06/2026,15,18/06/2026 14:05,7018.5584107,0,Intermedio
18/06/2026,16,18/06/2026 15:05,7775.9351197,0,Intermedio
18/06/2026,17,18/06/2026 16:05,7984.8890379,0,Intermedio
18/06/2026,18,18/06/2026 17:05,7494.8698731,0,Intermedio
18/06/2026,19,18/06/2026 18:05,6497.004638599999,0,Intermedio
18/06/2026,20,18/06/2026 19:05,4450.7263183,0,Intermedio
18/06/2026,21,18/06/2026 20:05,4159.0812682,0,Punta
18/06/2026,22,18/06/2026 21:05,3699.2052003,0,Punta
18/06/2026,23,18/06/2026 22:05,5691.0138856,0,Intermedio
18/06/2026,24,18/06/2026 23:05,6578.6005860000005,0,Intermedio
19/06/2026,1,19/06/2026 00:05,8193.249023299999,0,Intermedio
19/06/2026,2,19/06/2026 01:05,12979.0969236,0,Base
19/06/2026,3,19/06/2026 02:05,12622.4913952,0,Base
19/06/2026,4,19/06/2026 03:05,7911.4921267,0,Base
19/06/2026,5,19/06/2026 04:05,7818.0648192,0,Base
19/06/2026,6,19/06/2026 05:05,7381.8588867,0,Base
19/06/2026,7,19/06/2026 06:05,6829.6912231,0,Intermedio
19/06/2026,8,19/06/2026 07:05,7537.571106,0,Intermedio
19/06/2026,9,19/06/2026 08:05,9116.0532227,0,Intermedio
19/06/2026,10,19/06/2026 09:05,9330.2155762,0,Intermedio
19/06/2026,11,19/06/2026 10:05,7601.012146,0,Intermedio
19/06/2026,12,19/06/2026 11:05,8863.292175300001,0,Intermedio
19/06/2026,13,19/06/2026 12:05,9143.9725952,0,Intermedio
19/06/2026,14,19/06/2026 13:05,7969.3293764,0,Intermedio
19/06/2026,15,19/06/2026 14:05,6615.5067748,0,Intermedio
19/06/2026,16,19/06/2026 15:05,7773.4272462,0,Intermedio
19/06/2026,17,19/06/2026 16:05,7807.1469115,0,Intermedio
19/06/2026,18,19/06/2026 17:05,6454.2485351000005,0,Intermedio
19/06/2026,19,19/06/2026 18:05,5627.8664857,0,Intermedio
19/06/2026,20,19/06/2026 19:05,4358.9762879,0,Intermedio
19/06/2026,21,19/06/2026 20:05,4319.4876404999995,0,Punta
19/06/2026,22,19/06/2026 21:05,3508.8917846,0,Punta
19/06/2026,23,19/06/2026 22:05,5169.3757628,0,Intermedio
19/06/2026,24,19/06/2026 23:05,5999.170928699999,0,Intermedio
20/06/2026,1,20/06/2026 00:05,7387.5209961,0,Intermedio
20/06/2026,2,20/06/2026 01:05,12128.189759100002,0,Base
20/06/2026,3,20/06/2026 02:05,9615.2148443,0,Base
20/06/2026,4,20/06/2026 03:05,7193.0460815,0,Base
20/06/2026,5,20/06/2026 04:05,7350.5694579,0,Base
20/06/2026,6,20/06/2026 05:05,6651.0836486,0,Base
20/06/2026,7,20/06/2026 06:05,6557.0884704,0,Base
20/06/2026,8,20/06/2026 07:05,8120.5881959,0,Intermedio
20/06/2026,9,20/06/2026 08:05,9968.043457,0,Intermedio
20/06/2026,10,20/06/2026 09:05,9354.4144897,0,Intermedio
20/06/2026,11,20/06/2026 10:05,6151.3006896,0,Intermedio
20/06/2026,12,20/06/2026 11:05,7169.0915527,0,Intermedio
20/06/2026,13,20/06/2026 12:05,7192.3333129,0,Intermedio
20/06/2026,14,20/06/2026 13:05,6119.8320618,0,Intermedio
20/06/2026,15,20/06/2026 14:05,5653.5056458,0,Intermedio
20/06/2026,16,20/06/2026 15:05,7003.7731934,0,Intermedio
20/06/2026,17,20/06/2026 16:05,6488.0449829,0,Intermedio
20/06/2026,18,20/06/2026 17:05,6350.9722901000005,0,Intermedio
20/06/2026,19,20/06/2026 18:05,6339.146087499999,0,Intermedio
20/06/2026,20,20/06/2026 19:05,6498.6984864,0,Intermedio
20/06/2026,21,20/06/2026 20:05,6556.195434599999,0,Intermedio
20/06/2026,22,20/06/2026 21:05,6144.4569093,0,Intermedio
20/06/2026,23,20/06/2026 22:05,6212.1548766,0,Intermedio
20/06/2026,24,20/06/2026 23:05,6614.5498047,0,Intermedio
21/06/2026,1,21/06/2026 00:05,8041.7043457,0,Base
21/06/2026,2,21/06/2026 01:05,7792.4237061,0,Base
21/06/2026,3,21/06/2026 02:05,7450.72229,0,Base
21/06/2026,4,21/06/2026 03:05,7483.3560792,0,Base
21/06/2026,5,21/06/2026 04:05,7683.6237793,0,Base
21/06/2026,6,21/06/2026 05:05,7350.112426600001,0,Base
21/06/2026,7,21/06/2026 06:05,7103.9937134,0,Base
21/06/2026,8,21/06/2026 07:05,6599.1231689,0,Base
21/06/2026,9,21/06/2026 08:05,7394.7013549,0,Base
21/06/2026,10,21/06/2026 09:05,7142.0700683000005,0,Base
21/06/2026,11,21/06/2026 10:05,6763.0914307,0,Base
21/06/2026,12,21/06/2026 11:05,7612.9941406,0,Base
21/06/2026,13,21/06/2026 12:05,7453.5248413,0,Base
21/06/2026,14,21/06/2026 13:05,7227.7816772999995,0,Base
21/06/2026,15,21/06/2026 14:05,7196.1558227,0,Base
21/06/2026,16,21/06/2026 15:05,7314.1289672,0,Base
21/06/2026,17,21/06/2026 16:05,6989.8978884,0,Base
21/06/2026,18,21/06/2026 17:05,6281.5723267,0,Base
21/06/2026,19,21/06/2026 18:05,5991.5228271000005,0,Base
21/06/2026,20,21/06/2026 19:05,6536.2807617,0,Intermedio
21/06/2026,21,21/06/2026 20:05,6632.1472168,0,Intermedio
21/06/2026,22,21/06/2026 21:05,6477.7828978,0,Intermedio
21/06/2026,23,21/06/2026 22:05,6334.5999452,0,Intermedio
21/06/2026,24,21/06/2026 23:05,6347.7479858,0,Intermedio
22/06/2026,1,22/06/2026 00:05,6985.0230103,0,Intermedio
22/06/2026,2,22/06/2026 01:05,6710.3805541,0,Base
22/06/2026,3,22/06/2026 02:05,6662.5262451,0,Base
22/06/2026,4,22/06/2026 03:05,6443.4105225,0,Base
22/06/2026,5,22/06/2026 04:05,6435.5888672,0,Base
22/06/2026,6,22/06/2026 05:05,6486.0281677,0,Base
22/06/2026,7,22/06/2026 06:05,6346.8540344,0,Intermedio
22/06/2026,8,22/06/2026 07:05,7511.1620484,0,Intermedio
22/06/2026,9,22/06/2026 08:05,9309.7512817,0,Intermedio
22/06/2026,10,22/06/2026 09:05,10538.8865355,0,Intermedio
22/06/2026,11,22/06/2026 10:05,9902.4735718,0,Intermedio
22/06/2026,12,22/06/2026 11:05,9628.693237200001,0,Intermedio
22/06/2026,13,22/06/2026 12:05,9934.845519999999,0,Intermedio
22/06/2026,14,22/06/2026 13:05,9095.593017700001,0,Intermedio
22/06/2026,15,22/06/2026 14:05,8128.2410887999995,0,Intermedio
22/06/2026,16,22/06/2026 15:05,8481.5876462,0,Intermedio
22/06/2026,17,22/06/2026 16:05,8404.7094116,0,Intermedio
22/06/2026,18,22/06/2026 17:05,8713.4105836,0,Intermedio
22/06/2026,19,22/06/2026 18:05,6759.9393616,0,Intermedio
22/06/2026,20,22/06/2026 19:05,4358.4604798,0,Intermedio
22/06/2026,21,22/06/2026 20:05,4185.096527,0,Punta
22/06/2026,22,22/06/2026 21:05,3453.2937316,0,Punta
22/06/2026,23,22/06/2026 22:05,5826.5607452,0,Intermedio
22/06/2026,24,22/06/2026 23:05,7087.0691528,0,Intermedio
23/06/2026,1,23/06/2026 00:05,8569.5307009,0,Intermedio
23/06/2026,2,23/06/2026 01:05,14016.6440424,0,Base
23/06/2026,3,23/06/2026 02:05,15369.770385,0,Base
23/06/2026,4,23/06/2026 03:05,10858.2640378,0,Base
23/06/2026,5,23/06/2026 04:05,8630.2193603,0,Base
23/06/2026,6,23/06/2026 05:05,8116.44458,0,Base
23/06/2026,7,23/06/2026 06:05,7483.8342895,0,Intermedio
23/06/2026,8,23/06/2026 07:05,8532.0360106,0,Intermedio
23/06/2026,9,23/06/2026 08:05,9925.219299299999,0,Intermedio
23/06/2026,10,23/06/2026 09:05,10442.4414672,0,Intermedio
23/06/2026,11,23/06/2026 10:05,9727.1842651,0,Intermedio
23/06/2026,12,23/06/2026 11:05,10120.3274536,0,Intermedio
23/06/2026,13,23/06/2026 12:05,9480.7807618,0,Intermedio
23/06/2026,14,23/06/2026 13:05,8307.8308107,0,Intermedio
23/06/2026,15,23/06/2026 14:05,7790.4027098,0,Intermedio
23/06/2026,16,23/06/2026 15:05,8368.8441163,0,Intermedio
23/06/2026,17,23/06/2026 16:05,8502.6658935,0,Intermedio
23/06/2026,18,23/06/2026 17:05,8074.5021974,0,Intermedio
23/06/2026,19,23/06/2026 18:05,6320.1371154,0,Intermedio
23/06/2026,20,23/06/2026 19:05,4285.1606751,0,Intermedio
23/06/2026,21,23/06/2026 20:05,4187.2218322,0,Punta
23/06/2026,22,23/06/2026 21:05,3545.6961364,0,Punta
23/06/2026,23,23/06/2026 22:05,6419.6131439,0,Intermedio
23/06/2026,24,23/06/2026 23:05,7600.9729006,0,Intermedio
24/06/2026,1,24/06/2026 00:05,8903.913391099999,0,Intermedio
24/06/2026,2,24/06/2026 01:05,13601.2229609,0,Base
24/06/2026,3,24/06/2026 02:05,15092.57483,0,Base
24/06/2026,4,24/06/2026 03:05,10484.5916139,0,Base
24/06/2026,5,24/06/2026 04:05,8521.9321289,0,Base
24/06/2026,6,24/06/2026 05:05,8285.0864259,0,Base
24/06/2026,7,24/06/2026 06:05,7320.3170775,0,Intermedio
