Fecha_Hora,kW,Monto
2026-06-24 00:00:00,0.0,0.0
2026-06-24 00:05:00,0.0,0.0
2026-06-24 00:10:00,0.0,0.0
2026-06-24 00:15:00,0.0,0.0
2026-06-24 00:20:00,0.0,0.0
2026-06-24 00:25:00,0.0,0.0
2026-06-24 00:30:00,0.0,0.0
2026-06-24 00:35:00,0.0,0.0
2026-06-24 00:40:00,0.0,0.0
2026-06-24 00:45:00,0.0,0.0
2026-06-24 00:50:00,0.0,0.0
2026-06-24 00:55:00,0.0,0.0
2026-06-24 01:00:00,0.0,0.0
2026-06-24 01:05:00,0.0,0.0
2026-06-24 01:10:00,0.0,0.0
2026-06-24 01:15:00,0.0,0.0
2026-06-24 01:20:00,0.0,0.0
2026-06-24 01:25:00,0.0,0.0
2026-06-24 01:30:00,0.0,0.0
2026-06-24 01:35:00,0.0,0.0
2026-06-24 01:40:00,0.0,0.0
2026-06-24 01:45:00,0.0,0.0
2026-06-24 01:50:00,0.0,0.0
2026-06-24 01:55:00,0.0,0.0
2026-06-24 02:00:00,0.0,0.0
2026-06-24 02:05:00,0.0,0.0
2026-06-24 02:10:00,0.0,0.0
2026-06-24 02:15:00,0.0,0.0
2026-06-24 02:20:00,0.0,0.0
2026-06-24 02:25:00,0.0,0.0
2026-06-24 02:30:00,0.0,0.0
2026-06-24 02:35:00,0.0,0.0
2026-06-24 02:40:00,0.0,0.0
2026-06-24 02:45:00,0.0,0.0
2026-06-24 02:50:00,0.0,0.0
2026-06-24 02:55:00,0.0,0.0
2026-06-24 03:00:00,0.0,0.0
2026-06-24 03:05:00,0.0,0.0
2026-06-24 03:10:00,0.0,0.0
2026-06-24 03:15:00,0.0,0.0
2026-06-24 03:20:00,0.0,0.0
2026-06-24 03:25:00,0.0,0.0
2026-06-24 03:30:00,0.0,0.0
2026-06-24 03:35:00,0.0,0.0
2026-06-24 03:40:00,0.0,0.0
2026-06-24 03:45:00,0.0,0.0
2026-06-24 03:50:00,0.0,0.0
2026-06-24 03:55:00,0.0,0.0
2026-06-24 04:00:00,0.0,0.0
2026-06-24 04:05:00,0.0,0.0
2026-06-24 04:10:00,0.0,0.0
2026-06-24 04:15:00,0.0,0.0
2026-06-24 04:20:00,0.0,0.0
2026-06-24 04:25:00,0.0,0.0
2026-06-24 04:30:00,0.0,0.0
2026-06-24 04:35:00,0.0,0.0
2026-06-24 04:40:00,0.0,0.0
2026-06-24 04:45:00,0.0,0.0
2026-06-24 04:50:00,0.0,0.0
2026-06-24 04:55:00,0.0,0.0
2026-06-24 05:00:00,0.0,0.0
2026-06-24 05:05:00,0.0,0.0
2026-06-24 05:10:00,0.0,0.0
2026-06-24 05:15:00,0.0,0.0
2026-06-24 05:20:00,0.0,0.0
2026-06-24 05:25:00,0.0,0.0
2026-06-24 05:30:00,0.0,0.0
2026-06-24 05:35:00,0.0,0.0
2026-06-24 05:40:00,0.0,0.0
2026-06-24 05:45:00,0.0,0.0
2026-06-24 05:50:00,0.0,0.0
2026-06-24 05:55:00,0.0,0.0
2026-06-24 06:00:00,0.0,0.0
2026-06-24 06:05:00,0.0,0.0
2026-06-24 06:10:00,0.0,0.0
2026-06-24 06:15:00,0.0,0.0
2026-06-24 06:20:00,0.0,0.0
2026-06-24 06:25:00,0.0,0.0
2026-06-24 06:30:00,0.4,0.704
2026-06-24 06:35:00,1.2,2.1121
2026-06-24 06:40:00,1.2,2.1121
2026-06-24 06:45:00,1.2,2.1121
2026-06-24 06:50:00,1.2,2.1121
2026-06-24 06:55:00,1.6,2.8162
2026-06-24 07:00:00,1.6,2.8162
2026-06-24 07:05:00,1.6,2.8162
2026-06-24 07:10:00,3.2,5.6323
2026-06-24 07:15:00,4.8,8.4485
2026-06-24 07:20:00,7.6,13.3768
2026-06-24 07:25:00,12.0,21.1212
2026-06-24 07:30:00,10.4,18.305
2026-06-24 07:35:00,9.6,16.897
2026-06-24 07:40:00,9.2,16.1929
2026-06-24 07:45:00,11.2,19.7131
2026-06-24 07:50:00,12.4,21.8252
2026-06-24 07:55:00,15.2,26.7535
2026-06-24 08:00:00,24.4,42.9464
2026-06-24 08:05:00,33.2,58.4353
2026-06-24 08:10:00,48.4,85.1888
2026-06-24 08:15:00,45.2,79.5565
2026-06-24 08:20:00,23.6,41.5384
2026-06-24 08:25:00,48.0,84.4848
2026-06-24 08:30:00,54.4,95.7494
2026-06-24 08:35:00,40.8,71.8121
2026-06-24 08:40:00,24.4,42.9464
2026-06-24 08:45:00,27.6,48.5788
2026-06-24 08:50:00,38.0,66.8838
2026-06-24 08:55:00,42.0,73.9242
2026-06-24 09:00:00,44.8,78.8525
2026-06-24 09:05:00,34.0,59.8434
2026-06-24 09:10:00,16.8,29.5697
2026-06-24 09:15:00,24.0,42.2424
2026-06-24 09:20:00,37.6,66.1798
2026-06-24 09:25:00,40.0,70.404
2026-06-24 09:30:00,38.4,67.5878
2026-06-24 09:35:00,37.2,65.4757
2026-06-24 09:40:00,35.6,62.6596
2026-06-24 09:45:00,50.0,88.005
2026-06-24 09:50:00,40.8,71.8121
2026-06-24 09:55:00,37.6,66.1798
2026-06-24 10:00:00,24.8,43.6505
2026-06-24 10:05:00,42.8,75.3323
2026-06-24 10:10:00,55.6,97.8616
2026-06-24 10:15:00,74.8,131.6555
2026-06-24 10:20:00,72.4,127.4312
2026-06-24 10:25:00,67.6,118.9828
2026-06-24 10:30:00,66.8,117.5747
2026-06-24 10:35:00,63.6,111.9424
2026-06-24 10:40:00,57.2,100.6777
2026-06-24 10:45:00,65.2,114.7585
2026-06-24 10:50:00,61.6,108.4222
2026-06-24 10:55:00,66.4,116.8706
2026-06-24 11:00:00,67.6,118.9828
2026-06-24 11:05:00,67.6,118.9828
2026-06-24 11:10:00,67.6,118.9828
2026-06-24 11:15:00,69.2,121.7989
2026-06-24 11:20:00,71.2,125.3191
2026-06-24 11:25:00,73.6,129.5434
2026-06-24 11:30:00,58.4,102.7898
2026-06-24 11:35:00,42.0,73.9242
2026-06-24 11:40:00,68.4,120.3908
2026-06-24 11:45:00,66.4,116.8706
2026-06-24 11:50:00,66.0,116.1666
2026-06-24 11:55:00,66.4,116.8706
2026-06-24 12:00:00,69.2,121.7989
2026-06-24 12:05:00,58.4,102.7898
2026-06-24 12:10:00,44.8,78.8525
2026-06-24 12:15:00,30.8,54.2111
2026-06-24 12:20:00,21.2,37.3141
2026-06-24 12:25:00,21.2,37.3141
2026-06-24 12:30:00,18.8,33.0899
2026-06-24 12:35:00,18.4,32.3858
2026-06-24 12:40:00,18.0,31.6818
2026-06-24 12:45:00,32.0,56.3232
2026-06-24 12:50:00,40.8,71.8121
2026-06-24 12:55:00,33.6,59.1394
2026-06-24 13:00:00,32.4,57.0272
2026-06-24 13:05:00,27.6,48.5788
2026-06-24 13:10:00,28.4,49.9868
2026-06-24 13:15:00,32.0,56.3232
2026-06-24 13:20:00,21.2,37.3141
2026-06-24 13:25:00,12.4,21.8252
2026-06-24 13:30:00,10.8,19.0091
2026-06-24 13:35:00,15.6,27.4576
2026-06-24 13:40:00,27.6,48.5788
2026-06-24 13:45:00,22.4,39.4262
2026-06-24 13:50:00,19.2,33.7939
2026-06-24 13:55:00,13.6,23.9374
2026-06-24 14:00:00,19.6,34.498
2026-06-24 14:05:00,51.2,90.1171
2026-06-24 14:10:00,27.2,47.8747
2026-06-24 14:15:00,12.0,21.1212
2026-06-24 14:20:00,8.8,15.4889
2026-06-24 14:25:00,12.0,21.1212
2026-06-24 14:30:00,11.6,20.4172
2026-06-24 14:35:00,11.2,19.7131
2026-06-24 14:40:00,15.2,26.7535
2026-06-24 14:45:00,20.4,35.906
2026-06-24 14:50:00,23.6,41.5384
2026-06-24 14:55:00,22.0,38.7222
2026-06-24 15:00:00,20.4,35.906
2026-06-24 15:05:00,18.4,32.3858
2026-06-24 15:10:00,21.6,38.0182
2026-06-24 15:15:00,62.0,109.1262
2026-06-24 15:20:00,41.2,72.5161
2026-06-24 15:25:00,20.8,36.6101
2026-06-24 15:30:00,12.8,22.5293
2026-06-24 15:35:00,11.2,19.7131
2026-06-24 15:40:00,11.2,19.7131
2026-06-24 15:45:00,13.2,23.2333
2026-06-24 15:50:00,15.2,26.7535
2026-06-24 15:55:00,18.0,31.6818
2026-06-24 16:00:00,16.4,28.8656
2026-06-24 16:05:00,13.6,23.9374
2026-06-24 16:10:00,15.2,26.7535
2026-06-24 16:15:00,20.8,36.6101
2026-06-24 16:20:00,37.2,65.4757
2026-06-24 16:25:00,19.2,33.7939
2026-06-24 16:30:00,20.4,35.906
2026-06-24 16:35:00,19.2,33.7939
2026-06-24 16:40:00,27.6,48.5788
2026-06-24 16:45:00,21.2,37.3141
2026-06-24 16:50:00,20.0,35.202
2026-06-24 16:55:00,17.6,30.9778
2026-06-24 17:00:00,6.4,11.2646
2026-06-24 17:05:00,4.4,7.7444
2026-06-24 17:10:00,2.8,4.9283
2026-06-24 17:15:00,2.4,4.2242
2026-06-24 17:20:00,2.4,4.2242
2026-06-24 17:25:00,2.0,3.5202
2026-06-24 17:30:00,2.0,3.5202
2026-06-24 17:35:00,2.4,4.2242
2026-06-24 17:40:00,5.2,9.1525
2026-06-24 17:45:00,6.4,11.2646
2026-06-24 17:50:00,9.2,16.1929
2026-06-24 17:55:00,10.0,17.601
2026-06-24 18:00:00,18.4,32.3858
2026-06-24 18:05:00,9.6,16.897
2026-06-24 18:10:00,5.2,9.1525
2026-06-24 18:15:00,2.0,3.5202
2026-06-24 18:20:00,0.8,1.4081
2026-06-24 18:25:00,0.4,0.704
2026-06-24 18:30:00,0.4,0.704
2026-06-24 18:35:00,0.4,0.704
2026-06-24 18:40:00,0.0,0.0
2026-06-24 18:45:00,0.0,0.0
2026-06-24 18:50:00,0.0,0.0
2026-06-24 18:55:00,0.0,0.0
2026-06-24 19:00:00,0.0,0.0
2026-06-24 19:05:00,0.0,0.0
2026-06-24 19:10:00,0.0,0.0
2026-06-24 19:15:00,0.0,0.0
2026-06-24 19:20:00,0.0,0.0
2026-06-24 19:25:00,0.0,0.0
2026-06-24 19:30:00,0.0,0.0
2026-06-24 19:35:00,0.0,0.0
2026-06-24 19:40:00,0.0,0.0
2026-06-24 19:45:00,0.0,0.0
2026-06-24 19:50:00,0.0,0.0
2026-06-24 19:55:00,0.0,0.0
2026-06-24 20:00:00,0.0,0.0
2026-06-24 20:05:00,0.0,0.0
2026-06-24 20:10:00,0.0,0.0
2026-06-24 20:15:00,0.0,0.0
2026-06-24 20:20:00,0.0,0.0
2026-06-24 20:25:00,0.0,0.0
2026-06-24 20:30:00,0.0,0.0
2026-06-24 20:35:00,0.0,0.0
2026-06-24 20:40:00,0.0,0.0
2026-06-24 20:45:00,0.0,0.0
2026-06-24 20:50:00,0.0,0.0
2026-06-24 20:55:00,0.0,0.0
2026-06-24 21:00:00,0.0,0.0
2026-06-24 21:05:00,0.0,0.0
2026-06-24 21:10:00,0.0,0.0
2026-06-24 21:15:00,0.0,0.0
2026-06-24 21:20:00,0.0,0.0
2026-06-24 21:25:00,0.0,0.0
2026-06-24 21:30:00,0.0,0.0
2026-06-24 21:35:00,0.0,0.0
2026-06-24 21:40:00,0.0,0.0
2026-06-24 21:45:00,0.0,0.0
2026-06-24 21:50:00,0.0,0.0
2026-06-24 21:55:00,0.0,0.0
2026-06-24 22:00:00,0.0,0.0
2026-06-24 22:05:00,0.0,0.0
2026-06-24 22:10:00,0.0,0.0
2026-06-24 22:15:00,0.0,0.0
2026-06-24 22:20:00,0.0,0.0
2026-06-24 22:25:00,0.0,0.0
2026-06-24 22:30:00,0.0,0.0
2026-06-24 22:35:00,0.0,0.0
2026-06-24 22:40:00,0.0,0.0
2026-06-24 22:45:00,0.0,0.0
2026-06-24 22:50:00,0.0,0.0
2026-06-24 22:55:00,0.0,0.0
2026-06-24 23:00:00,0.0,0.0
2026-06-24 23:05:00,0.0,0.0
2026-06-24 23:10:00,0.0,0.0
2026-06-24 23:15:00,0.0,0.0
2026-06-24 23:20:00,0.0,0.0
2026-06-24 23:25:00,0.0,0.0
2026-06-24 23:30:00,0.0,0.0
2026-06-24 23:35:00,0.0,0.0
2026-06-24 23:40:00,0.0,0.0
2026-06-24 23:45:00,0.0,0.0
2026-06-24 23:50:00,0.0,0.0
2026-06-24 23:55:00,0.0,0.0
2026-06-25 00:00:00,0.0,0.0
2026-06-25 00:00:00,0.0,0.0
2026-06-25 00:05:00,0.0,0.0
2026-06-25 00:10:00,0.0,0.0
2026-06-25 00:15:00,0.0,0.0
2026-06-25 00:20:00,0.0,0.0
2026-06-25 00:25:00,0.0,0.0
2026-06-25 00:30:00,0.0,0.0
2026-06-25 00:35:00,0.0,0.0
2026-06-25 00:40:00,0.0,0.0
2026-06-25 00:45:00,0.0,0.0
2026-06-25 00:50:00,0.0,0.0
2026-06-25 00:55:00,0.0,0.0
2026-06-25 01:00:00,0.0,0.0
2026-06-25 01:05:00,0.0,0.0
2026-06-25 01:10:00,0.0,0.0
2026-06-25 01:15:00,0.0,0.0
2026-06-25 01:20:00,0.0,0.0
2026-06-25 01:25:00,0.0,0.0
2026-06-25 01:30:00,0.0,0.0
2026-06-25 01:35:00,0.0,0.0
2026-06-25 01:40:00,0.0,0.0
2026-06-25 01:45:00,0.0,0.0
2026-06-25 01:50:00,0.0,0.0
2026-06-25 01:55:00,0.0,0.0
2026-06-25 02:00:00,0.0,0.0
2026-06-25 02:05:00,0.0,0.0
2026-06-25 02:10:00,0.0,0.0
2026-06-25 02:15:00,0.0,0.0
2026-06-25 02:20:00,0.0,0.0
2026-06-25 02:25:00,0.0,0.0
2026-06-25 02:30:00,0.0,0.0
2026-06-25 02:35:00,0.0,0.0
2026-06-25 02:40:00,0.0,0.0
2026-06-25 02:45:00,0.0,0.0
2026-06-25 02:50:00,0.0,0.0
2026-06-25 02:55:00,0.0,0.0
2026-06-25 03:00:00,0.0,0.0
2026-06-25 03:05:00,0.0,0.0
2026-06-25 03:10:00,0.0,0.0
2026-06-25 03:15:00,0.0,0.0
2026-06-25 03:20:00,0.0,0.0
2026-06-25 03:25:00,0.0,0.0
2026-06-25 03:30:00,0.0,0.0
2026-06-25 03:35:00,0.0,0.0
2026-06-25 03:40:00,0.0,0.0
2026-06-25 03:45:00,0.0,0.0
2026-06-25 03:50:00,0.0,0.0
2026-06-25 03:55:00,0.0,0.0
2026-06-25 04:00:00,0.0,0.0
2026-06-25 04:05:00,0.0,0.0
2026-06-25 04:10:00,0.0,0.0
2026-06-25 04:15:00,0.0,0.0
2026-06-25 04:20:00,0.0,0.0
2026-06-25 04:25:00,0.0,0.0
2026-06-25 04:30:00,0.0,0.0
2026-06-25 04:35:00,0.0,0.0
2026-06-25 04:40:00,0.0,0.0
2026-06-25 04:45:00,0.0,0.0
2026-06-25 04:50:00,0.0,0.0
2026-06-25 04:55:00,0.0,0.0
2026-06-25 05:00:00,0.0,0.0
2026-06-25 05:05:00,0.0,0.0
2026-06-25 05:10:00,0.0,0.0
2026-06-25 05:15:00,0.0,0.0
2026-06-25 05:20:00,0.0,0.0
2026-06-25 05:25:00,0.0,0.0
2026-06-25 05:30:00,0.0,0.0
2026-06-25 05:35:00,0.0,0.0
2026-06-25 05:40:00,0.0,0.0
2026-06-25 05:45:00,0.0,0.0
2026-06-25 05:50:00,0.0,0.0
2026-06-25 05:55:00,0.0,0.0
2026-06-25 06:00:00,0.0,0.0
2026-06-25 06:05:00,0.0,0.0
2026-06-25 06:10:00,0.0,0.0
2026-06-25 06:15:00,0.0,0.0
2026-06-25 06:20:00,0.8,1.4081
2026-06-25 06:25:00,2.0,3.5202
2026-06-25 06:30:00,2.4,4.2242
2026-06-25 06:35:00,4.0,7.0404
2026-06-25 06:40:00,5.2,9.1525
2026-06-25 06:45:00,5.2,9.1525
2026-06-25 06:50:00,9.2,16.1929
2026-06-25 06:55:00,14.8,26.0495
2026-06-25 07:00:00,18.0,31.6818
2026-06-25 07:05:00,21.6,38.0182
2026-06-25 07:10:00,22.8,40.1303
2026-06-25 07:15:00,27.2,47.8747
2026-06-25 07:20:00,29.2,51.3949
2026-06-25 07:25:00,32.4,57.0272
2026-06-25 07:30:00,37.2,65.4757
2026-06-25 07:35:00,40.4,71.108
2026-06-25 07:40:00,43.6,76.7404
2026-06-25 07:45:00,46.0,80.9646
2026-06-25 07:50:00,48.8,85.8929
2026-06-25 07:55:00,51.2,90.1171
2026-06-25 08:00:00,52.8,92.9333
2026-06-25 08:05:00,54.4,95.7494
2026-06-25 08:10:00,54.8,96.4535
2026-06-25 08:15:00,55.6,97.8616
2026-06-25 08:20:00,55.6,97.8616
2026-06-25 08:25:00,54.4,95.7494
2026-06-25 08:30:00,55.6,97.8616
2026-06-25 08:35:00,56.4,99.2696
2026-06-25 08:40:00,58.0,102.0858
2026-06-25 08:45:00,59.2,104.1979
2026-06-25 08:50:00,59.6,104.902
2026-06-25 08:55:00,59.2,104.1979
2026-06-25 09:00:00,59.2,104.1979
2026-06-25 09:05:00,59.2,104.1979
2026-06-25 09:10:00,58.4,102.7898
2026-06-25 09:15:00,58.8,103.4939
2026-06-25 09:20:00,58.8,103.4939
2026-06-25 09:25:00,59.6,104.902
2026-06-25 09:30:00,60.4,106.31
2026-06-25 09:35:00,60.0,105.606
2026-06-25 09:40:00,59.2,104.1979
2026-06-25 09:45:00,58.0,102.0858
2026-06-25 09:50:00,57.6,101.3818
2026-06-25 09:55:00,58.8,103.4939
2026-06-25 10:00:00,63.2,111.2383
2026-06-25 10:05:00,63.6,111.9424
2026-06-25 10:10:00,63.6,111.9424
2026-06-25 10:15:00,62.8,110.5343
2026-06-25 10:20:00,63.2,111.2383
2026-06-25 10:25:00,64.8,114.0545
2026-06-25 10:30:00,64.0,112.6464
2026-06-25 10:35:00,64.0,112.6464
2026-06-25 10:40:00,63.6,111.9424
2026-06-25 10:45:00,64.8,114.0545
2026-06-25 10:50:00,24.8,43.6505
2026-06-25 10:55:00,55.6,97.8616
2026-06-25 11:00:00,63.6,111.9424
2026-06-25 11:05:00,65.2,114.7585
2026-06-25 11:10:00,65.2,114.7585
2026-06-25 11:15:00,63.2,111.2383
2026-06-25 11:20:00,62.8,110.5343
2026-06-25 11:25:00,58.4,102.7898
2026-06-25 11:30:00,66.8,117.5747
2026-06-25 11:35:00,67.6,118.9828
2026-06-25 11:40:00,67.2,118.2787
2026-06-25 11:45:00,60.0,105.606
2026-06-25 11:50:00,64.8,114.0545
2026-06-25 11:55:00,64.8,114.0545
2026-06-25 12:00:00,66.4,116.8706
2026-06-25 12:05:00,52.0,91.5252
2026-06-25 12:10:00,48.4,85.1888
2026-06-25 12:15:00,66.0,116.1666
2026-06-25 12:20:00,34.0,59.8434
2026-06-25 12:25:00,22.4,39.4262
2026-06-25 12:30:00,58.0,102.0858
2026-06-25 12:35:00,68.4,120.3908
2026-06-25 12:40:00,66.4,116.8706
2026-06-25 12:45:00,64.8,114.0545
2026-06-25 12:50:00,65.6,115.4626
2026-06-25 12:55:00,67.2,118.2787
2026-06-25 13:00:00,70.0,123.207
2026-06-25 13:05:00,68.0,119.6868
2026-06-25 13:10:00,29.6,52.099
2026-06-25 13:15:00,60.8,107.0141
2026-06-25 13:20:00,53.6,94.3414
2026-06-25 13:25:00,68.0,119.6868
2026-06-25 13:30:00,73.2,128.8393
2026-06-25 13:35:00,66.8,117.5747
2026-06-25 13:40:00,67.6,118.9828
2026-06-25 13:45:00,61.6,108.4222
2026-06-25 13:50:00,62.4,109.8302
2026-06-25 13:55:00,70.4,123.911
2026-06-25 14:00:00,70.0,123.207
2026-06-25 14:05:00,66.0,116.1666
2026-06-25 14:10:00,55.6,97.8616
2026-06-25 14:15:00,34.0,59.8434
2026-06-25 14:20:00,17.6,30.9778
2026-06-25 14:25:00,12.0,21.1212
2026-06-25 14:30:00,9.2,16.1929
2026-06-25 14:35:00,8.8,15.4889
2026-06-25 14:40:00,10.8,19.0091
2026-06-25 14:45:00,14.8,26.0495
2026-06-25 14:50:00,18.0,31.6818
2026-06-25 14:55:00,19.2,33.7939
2026-06-25 15:00:00,16.0,28.1616
2026-06-25 15:05:00,12.4,21.8252
2026-06-25 15:10:00,9.2,16.1929
2026-06-25 15:15:00,8.8,15.4889
2026-06-25 15:20:00,12.4,21.8252
2026-06-25 15:25:00,16.8,29.5697
2026-06-25 15:30:00,18.4,32.3858
2026-06-25 15:35:00,19.6,34.498
2026-06-25 15:40:00,39.2,68.9959
2026-06-25 15:45:00,38.8,68.2919
2026-06-25 15:50:00,44.8,78.8525
2026-06-25 15:55:00,29.6,52.099
2026-06-25 16:00:00,38.4,67.5878
2026-06-25 16:05:00,38.8,68.2919
2026-06-25 16:10:00,34.0,59.8434
2026-06-25 16:15:00,18.0,31.6818
2026-06-25 16:20:00,13.6,23.9374
2026-06-25 16:25:00,12.4,21.8252
2026-06-25 16:30:00,12.0,21.1212
2026-06-25 16:35:00,11.2,19.7131
2026-06-25 16:40:00,10.8,19.0091
2026-06-25 16:45:00,10.8,19.0091
2026-06-25 16:50:00,10.0,17.601
2026-06-25 16:55:00,10.0,17.601
2026-06-25 17:00:00,9.6,16.897
2026-06-25 17:05:00,10.4,18.305
2026-06-25 17:10:00,11.2,19.7131
2026-06-25 17:15:00,12.0,21.1212
2026-06-25 17:20:00,14.0,24.6414
2026-06-25 17:25:00,10.8,19.0091
2026-06-25 17:30:00,8.8,15.4889
2026-06-25 17:35:00,8.0,14.0808
2026-06-25 17:40:00,6.4,11.2646
2026-06-25 17:45:00,5.6,9.8566
2026-06-25 17:50:00,5.2,9.1525
2026-06-25 17:55:00,4.8,8.4485
2026-06-25 18:00:00,5.2,9.1525
2026-06-25 18:05:00,5.2,9.1525
2026-06-25 18:10:00,4.8,8.4485
2026-06-25 18:15:00,4.0,7.0404
2026-06-25 18:20:00,4.0,7.0404
2026-06-25 18:25:00,3.6,6.3364
2026-06-25 18:30:00,3.6,6.3364
2026-06-25 18:35:00,3.6,6.3364
2026-06-25 18:40:00,3.2,5.6323
2026-06-25 18:45:00,2.4,4.2242
2026-06-25 18:50:00,1.6,2.8162
2026-06-25 18:55:00,0.8,1.4081
2026-06-25 19:00:00,0.4,0.704
2026-06-25 19:05:00,0.4,0.704
2026-06-25 19:10:00,0.0,0.0
2026-06-25 19:15:00,0.0,0.0
2026-06-25 19:20:00,0.0,0.0
2026-06-25 19:25:00,0.0,0.0
2026-06-25 19:30:00,0.0,0.0
2026-06-25 19:35:00,0.0,0.0
2026-06-25 19:40:00,0.0,0.0
2026-06-25 19:45:00,0.0,0.0
2026-06-25 19:50:00,0.0,0.0
2026-06-25 19:55:00,0.0,0.0
2026-06-25 20:00:00,0.0,0.0
2026-06-25 20:05:00,0.0,0.0
2026-06-25 20:10:00,0.0,0.0
2026-06-25 20:15:00,0.0,0.0
2026-06-25 20:20:00,0.0,0.0
2026-06-25 20:25:00,0.0,0.0
2026-06-25 20:30:00,0.0,0.0
2026-06-25 20:35:00,0.0,0.0
2026-06-25 20:40:00,0.0,0.0
2026-06-25 20:45:00,0.0,0.0
2026-06-25 20:50:00,0.0,0.0
2026-06-25 20:55:00,0.0,0.0
2026-06-25 21:00:00,0.0,0.0
2026-06-25 21:05:00,0.0,0.0
2026-06-25 21:10:00,0.0,0.0
2026-06-25 21:15:00,0.0,0.0
2026-06-25 21:20:00,0.0,0.0
2026-06-25 21:25:00,0.0,0.0
2026-06-25 21:30:00,0.0,0.0
2026-06-25 21:35:00,0.0,0.0
2026-06-25 21:40:00,0.0,0.0
2026-06-25 21:45:00,0.0,0.0
2026-06-25 21:50:00,0.0,0.0
2026-06-25 21:55:00,0.0,0.0
2026-06-25 22:00:00,0.0,0.0
2026-06-25 22:05:00,0.0,0.0
2026-06-25 22:10:00,0.0,0.0
2026-06-25 22:15:00,0.0,0.0
2026-06-25 22:20:00,0.0,0.0
2026-06-25 22:25:00,0.0,0.0
2026-06-25 22:30:00,0.0,0.0
2026-06-25 22:35:00,0.0,0.0
2026-06-25 22:40:00,0.0,0.0
2026-06-25 22:45:00,0.0,0.0
2026-06-25 22:50:00,0.0,0.0
2026-06-25 22:55:00,0.0,0.0
2026-06-25 23:00:00,0.0,0.0
2026-06-25 23:05:00,0.0,0.0
2026-06-25 23:10:00,0.0,0.0
2026-06-25 23:15:00,0.0,0.0
2026-06-25 23:20:00,0.0,0.0
2026-06-25 23:25:00,0.0,0.0
2026-06-25 23:30:00,0.0,0.0
2026-06-25 23:35:00,0.0,0.0
2026-06-25 23:40:00,0.0,0.0
2026-06-25 23:45:00,0.0,0.0
2026-06-25 23:50:00,0.0,0.0
2026-06-25 23:55:00,0.0,0.0
2026-06-26 00:00:00,0.0,0.0
2026-06-26 00:00:00,0.0,0.0
2026-06-26 00:05:00,0.0,0.0
2026-06-26 00:10:00,0.0,0.0
2026-06-26 00:15:00,0.0,0.0
2026-06-26 00:20:00,0.0,0.0
2026-06-26 00:25:00,0.0,0.0
2026-06-26 00:30:00,0.0,0.0
2026-06-26 00:35:00,0.0,0.0
2026-06-26 00:40:00,0.0,0.0
2026-06-26 00:45:00,0.0,0.0
2026-06-26 00:50:00,0.0,0.0
2026-06-26 00:55:00,0.0,0.0
2026-06-26 01:00:00,0.0,0.0
2026-06-26 01:05:00,0.0,0.0
2026-06-26 01:10:00,0.0,0.0
2026-06-26 01:15:00,0.0,0.0
2026-06-26 01:20:00,0.0,0.0
2026-06-26 01:25:00,0.0,0.0
2026-06-26 01:30:00,0.0,0.0
2026-06-26 01:35:00,0.0,0.0
2026-06-26 01:40:00,0.0,0.0
2026-06-26 01:45:00,0.0,0.0
2026-06-26 01:50:00,0.0,0.0
2026-06-26 01:55:00,0.0,0.0
2026-06-26 02:00:00,0.0,0.0
2026-06-26 02:05:00,0.0,0.0
2026-06-26 02:10:00,0.0,0.0
2026-06-26 02:15:00,0.0,0.0
2026-06-26 02:20:00,0.0,0.0
2026-06-26 02:25:00,0.0,0.0
2026-06-26 02:30:00,0.0,0.0
2026-06-26 02:35:00,0.0,0.0
2026-06-26 02:40:00,0.0,0.0
2026-06-26 02:45:00,0.0,0.0
2026-06-26 02:50:00,0.0,0.0
2026-06-26 02:55:00,0.0,0.0
2026-06-26 03:00:00,0.0,0.0
2026-06-26 03:05:00,0.0,0.0
2026-06-26 03:10:00,0.0,0.0
2026-06-26 03:15:00,0.0,0.0
2026-06-26 03:20:00,0.0,0.0
2026-06-26 03:25:00,0.0,0.0
2026-06-26 03:30:00,0.0,0.0
2026-06-26 03:35:00,0.0,0.0
2026-06-26 03:40:00,0.0,0.0
2026-06-26 03:45:00,0.0,0.0
2026-06-26 03:50:00,0.0,0.0
2026-06-26 03:55:00,0.0,0.0
2026-06-26 04:00:00,0.0,0.0
2026-06-26 04:05:00,0.0,0.0
2026-06-26 04:10:00,0.0,0.0
2026-06-26 04:15:00,0.0,0.0
2026-06-26 04:20:00,0.0,0.0
2026-06-26 04:25:00,0.0,0.0
2026-06-26 04:30:00,0.0,0.0
2026-06-26 04:35:00,0.0,0.0
2026-06-26 04:40:00,0.0,0.0
2026-06-26 04:45:00,0.0,0.0
2026-06-26 04:50:00,0.0,0.0
2026-06-26 04:55:00,0.0,0.0
2026-06-26 05:00:00,0.0,0.0
2026-06-26 05:05:00,0.0,0.0
2026-06-26 05:10:00,0.0,0.0
2026-06-26 05:15:00,0.0,0.0
2026-06-26 05:20:00,0.0,0.0
2026-06-26 05:25:00,0.0,0.0
2026-06-26 05:30:00,0.0,0.0
2026-06-26 05:35:00,0.0,0.0
2026-06-26 05:40:00,0.0,0.0
2026-06-26 05:45:00,0.0,0.0
2026-06-26 05:50:00,0.0,0.0
2026-06-26 05:55:00,0.0,0.0
2026-06-26 06:00:00,0.0,0.0
2026-06-26 06:05:00,0.0,0.0
2026-06-26 06:10:00,0.0,0.0
2026-06-26 06:15:00,0.0,0.0
2026-06-26 06:20:00,0.0,0.0
2026-06-26 06:25:00,0.4,0.704
2026-06-26 06:30:00,2.0,3.5202
2026-06-26 06:35:00,3.2,5.6323
2026-06-26 06:40:00,5.2,9.1525
2026-06-26 06:45:00,6.8,11.9687
2026-06-26 06:50:00,11.2,19.7131
2026-06-26 06:55:00,13.6,23.9374
2026-06-26 07:00:00,16.8,29.5697
2026-06-26 07:05:00,20.4,35.906
2026-06-26 07:10:00,23.2,40.8343
2026-06-26 07:15:00,27.6,48.5788
2026-06-26 07:20:00,30.0,52.803
2026-06-26 07:25:00,32.8,57.7313
2026-06-26 07:30:00,36.8,64.7717
2026-06-26 07:35:00,39.2,68.9959
2026-06-26 07:40:00,42.4,74.6282
2026-06-26 07:45:00,45.2,79.5565
2026-06-26 07:50:00,47.6,83.7808
2026-06-26 07:55:00,50.4,88.709
2026-06-26 08:00:00,52.4,92.2292
2026-06-26 08:05:00,53.6,94.3414
2026-06-26 08:10:00,54.0,95.0454
2026-06-26 08:15:00,54.8,96.4535
2026-06-26 08:20:00,55.2,97.1575
2026-06-26 08:25:00,56.0,98.5656
2026-06-26 08:30:00,56.4,99.2696
2026-06-26 08:35:00,57.2,100.6777
2026-06-26 08:40:00,57.6,101.3818
2026-06-26 08:45:00,57.6,101.3818
2026-06-26 08:50:00,58.8,103.4939
2026-06-26 08:55:00,58.4,102.7898
2026-06-26 09:00:00,59.2,104.1979
2026-06-26 09:05:00,59.6,104.902
2026-06-26 09:10:00,60.0,105.606
2026-06-26 09:15:00,60.4,106.31
2026-06-26 09:20:00,60.4,106.31
2026-06-26 09:25:00,60.0,105.606
2026-06-26 09:30:00,60.8,107.0141
2026-06-26 09:35:00,60.4,106.31
2026-06-26 09:40:00,61.2,107.7181
2026-06-26 09:45:00,60.8,107.0141
2026-06-26 09:50:00,61.2,107.7181
2026-06-26 09:55:00,61.2,107.7181
2026-06-26 10:00:00,61.2,107.7181
2026-06-26 10:05:00,61.2,107.7181
2026-06-26 10:10:00,61.6,108.4222
2026-06-26 10:15:00,61.2,107.7181
2026-06-26 10:20:00,61.6,108.4222
2026-06-26 10:25:00,62.0,109.1262
2026-06-26 10:30:00,61.6,108.4222
2026-06-26 10:35:00,62.4,109.8302
2026-06-26 10:40:00,62.0,109.1262
2026-06-26 10:45:00,61.6,108.4222
2026-06-26 10:50:00,62.0,109.1262
2026-06-26 10:55:00,62.0,109.1262
2026-06-26 11:00:00,61.6,108.4222
2026-06-26 11:05:00,61.6,108.4222
2026-06-26 11:10:00,62.0,109.1262
2026-06-26 11:15:00,61.2,107.7181
2026-06-26 11:20:00,61.6,108.4222
2026-06-26 11:25:00,62.0,109.1262
2026-06-26 11:30:00,61.6,108.4222
2026-06-26 11:35:00,61.6,108.4222
2026-06-26 11:40:00,61.6,108.4222
2026-06-26 11:45:00,62.0,109.1262
2026-06-26 11:50:00,61.2,107.7181
2026-06-26 11:55:00,62.0,109.1262
2026-06-26 12:00:00,62.4,109.8302
2026-06-26 12:05:00,62.4,109.8302
2026-06-26 12:10:00,34.0,59.8434
2026-06-26 12:15:00,46.0,80.9646
2026-06-26 12:20:00,65.6,115.4626
2026-06-26 12:25:00,64.0,112.6464
2026-06-26 12:30:00,64.4,113.3504
2026-06-26 12:35:00,36.8,64.7717
2026-06-26 12:40:00,66.4,116.8706
2026-06-26 12:45:00,63.6,111.9424
2026-06-26 12:50:00,64.8,114.0545
2026-06-26 12:55:00,51.2,90.1171
2026-06-26 13:00:00,37.6,66.1798
2026-06-26 13:05:00,67.2,118.2787
2026-06-26 13:10:00,66.0,116.1666
2026-06-26 13:15:00,67.6,118.9828
2026-06-26 13:20:00,65.2,114.7585
2026-06-26 13:25:00,65.2,114.7585
2026-06-26 13:30:00,57.6,101.3818
2026-06-26 13:35:00,66.0,116.1666
2026-06-26 13:40:00,39.2,68.9959
2026-06-26 13:45:00,35.2,61.9555
2026-06-26 13:50:00,50.0,88.005
2026-06-26 13:55:00,66.0,116.1666
2026-06-26 14:00:00,65.6,115.4626
2026-06-26 14:05:00,63.6,111.9424
2026-06-26 14:10:00,46.0,80.9646
2026-06-26 14:15:00,48.0,84.4848
2026-06-26 14:20:00,65.6,115.4626
2026-06-26 14:25:00,65.2,114.7585
2026-06-26 14:30:00,65.6,115.4626
2026-06-26 14:35:00,60.8,107.0141
2026-06-26 14:40:00,39.6,69.7
2026-06-26 14:45:00,37.6,66.1798
2026-06-26 14:50:00,50.8,89.4131
2026-06-26 14:55:00,56.4,99.2696
2026-06-26 15:00:00,60.8,107.0141
2026-06-26 15:05:00,64.4,113.3504
2026-06-26 15:10:00,62.4,109.8302
2026-06-26 15:15:00,61.6,108.4222
2026-06-26 15:20:00,61.6,108.4222
2026-06-26 15:25:00,62.8,110.5343
2026-06-26 15:30:00,59.6,104.902
2026-06-26 15:35:00,38.8,68.2919
2026-06-26 15:40:00,27.6,48.5788
2026-06-26 15:45:00,67.6,118.9828
2026-06-26 15:50:00,62.8,110.5343
2026-06-26 15:55:00,59.6,104.902
2026-06-26 16:00:00,22.8,40.1303
2026-06-26 16:05:00,26.0,45.7626
2026-06-26 16:10:00,28.0,49.2828
2026-06-26 16:15:00,46.4,81.6686
2026-06-26 16:20:00,43.6,76.7404
2026-06-26 16:25:00,15.6,27.4576
2026-06-26 16:30:00,14.0,24.6414
2026-06-26 16:35:00,13.6,23.9374
2026-06-26 16:40:00,12.4,21.8252
2026-06-26 16:45:00,9.2,16.1929
2026-06-26 16:50:00,6.4,11.2646
2026-06-26 16:55:00,5.6,9.8566
2026-06-26 17:00:00,5.6,9.8566
2026-06-26 17:05:00,5.6,9.8566
2026-06-26 17:10:00,4.8,8.4485
2026-06-26 17:15:00,4.4,7.7444
2026-06-26 17:20:00,3.6,6.3364
2026-06-26 17:25:00,3.2,5.6323
2026-06-26 17:30:00,2.4,4.2242
2026-06-26 17:35:00,2.4,4.2242
2026-06-26 17:40:00,2.4,4.2242
2026-06-26 17:45:00,2.4,4.2242
2026-06-26 17:50:00,1.6,2.8162
2026-06-26 17:55:00,1.6,2.8162
2026-06-26 18:00:00,1.6,2.8162
2026-06-26 18:05:00,1.2,2.1121
2026-06-26 18:10:00,1.2,2.1121
2026-06-26 18:15:00,2.0,3.5202
2026-06-26 18:20:00,1.6,2.8162
2026-06-26 18:25:00,0.8,1.4081
2026-06-26 18:30:00,0.8,1.4081
2026-06-26 18:35:00,0.4,0.704
2026-06-26 18:40:00,0.0,0.0
2026-06-26 18:45:00,0.0,0.0
2026-06-26 18:50:00,0.0,0.0
2026-06-26 18:55:00,0.0,0.0
2026-06-26 19:00:00,0.0,0.0
2026-06-26 19:05:00,0.0,0.0
2026-06-26 19:10:00,0.0,0.0
2026-06-26 19:15:00,0.0,0.0
2026-06-26 19:20:00,0.0,0.0
2026-06-26 19:25:00,0.0,0.0
2026-06-26 19:30:00,0.0,0.0
2026-06-26 19:35:00,0.0,0.0
2026-06-26 19:40:00,0.0,0.0
2026-06-26 19:45:00,0.0,0.0
2026-06-26 19:50:00,0.0,0.0
2026-06-26 19:55:00,0.0,0.0
2026-06-26 20:00:00,0.0,0.0
2026-06-26 20:05:00,0.0,0.0
2026-06-26 20:10:00,0.0,0.0
2026-06-26 20:15:00,0.0,0.0
2026-06-26 20:20:00,0.0,0.0
2026-06-26 20:25:00,0.0,0.0
2026-06-26 20:30:00,0.0,0.0
2026-06-26 20:35:00,0.0,0.0
2026-06-26 20:40:00,0.0,0.0
2026-06-26 20:45:00,0.0,0.0
2026-06-26 20:50:00,0.0,0.0
2026-06-26 20:55:00,0.0,0.0
2026-06-26 21:00:00,0.0,0.0
2026-06-26 21:05:00,0.0,0.0
2026-06-26 21:10:00,0.0,0.0
2026-06-26 21:15:00,0.0,0.0
2026-06-26 21:20:00,0.0,0.0
2026-06-26 21:25:00,0.0,0.0
2026-06-26 21:30:00,0.0,0.0
2026-06-26 21:35:00,0.0,0.0
2026-06-26 21:40:00,0.0,0.0
2026-06-26 21:45:00,0.0,0.0
2026-06-26 21:50:00,0.0,0.0
2026-06-26 21:55:00,0.0,0.0
2026-06-26 22:00:00,0.0,0.0
2026-06-26 22:05:00,0.0,0.0
2026-06-26 22:10:00,0.0,0.0
2026-06-26 22:15:00,0.0,0.0
2026-06-26 22:20:00,0.0,0.0
2026-06-26 22:25:00,0.0,0.0
2026-06-26 22:30:00,0.0,0.0
2026-06-26 22:35:00,0.0,0.0
2026-06-26 22:40:00,0.0,0.0
2026-06-26 22:45:00,0.0,0.0
2026-06-26 22:50:00,0.0,0.0
2026-06-26 22:55:00,0.0,0.0
2026-06-26 23:00:00,0.0,0.0
2026-06-26 23:05:00,0.0,0.0
2026-06-26 23:10:00,0.0,0.0
2026-06-26 23:15:00,0.0,0.0
2026-06-26 23:20:00,0.0,0.0
2026-06-26 23:25:00,0.0,0.0
2026-06-26 23:30:00,0.0,0.0
2026-06-26 23:35:00,0.0,0.0
2026-06-26 23:40:00,0.0,0.0
2026-06-26 23:45:00,0.0,0.0
2026-06-26 23:50:00,0.0,0.0
2026-06-26 23:55:00,0.0,0.0
2026-06-27 00:00:00,0.0,0.0
2026-06-27 00:00:00,0.0,0.0
2026-06-27 00:05:00,0.0,0.0
2026-06-27 00:10:00,0.0,0.0
2026-06-27 00:15:00,0.0,0.0
2026-06-27 00:20:00,0.0,0.0
2026-06-27 00:25:00,0.0,0.0
2026-06-27 00:30:00,0.0,0.0
2026-06-27 00:35:00,0.0,0.0
2026-06-27 00:40:00,0.0,0.0
2026-06-27 00:45:00,0.0,0.0
2026-06-27 00:50:00,0.0,0.0
2026-06-27 00:55:00,0.0,0.0
2026-06-27 01:00:00,0.0,0.0
2026-06-27 01:05:00,0.0,0.0
2026-06-27 01:10:00,0.0,0.0
2026-06-27 01:15:00,0.0,0.0
2026-06-27 01:20:00,0.0,0.0
2026-06-27 01:25:00,0.0,0.0
2026-06-27 01:30:00,0.0,0.0
2026-06-27 01:35:00,0.0,0.0
2026-06-27 01:40:00,0.0,0.0
2026-06-27 01:45:00,0.0,0.0
2026-06-27 01:50:00,0.0,0.0
2026-06-27 01:55:00,0.0,0.0
2026-06-27 02:00:00,0.0,0.0
2026-06-27 02:05:00,0.0,0.0
2026-06-27 02:10:00,0.0,0.0
2026-06-27 02:15:00,0.0,0.0
2026-06-27 02:20:00,0.0,0.0
2026-06-27 02:25:00,0.0,0.0
2026-06-27 02:30:00,0.0,0.0
2026-06-27 02:35:00,0.0,0.0
2026-06-27 02:40:00,0.0,0.0
2026-06-27 02:45:00,0.0,0.0
2026-06-27 02:50:00,0.0,0.0
2026-06-27 02:55:00,0.0,0.0
2026-06-27 03:00:00,0.0,0.0
2026-06-27 03:05:00,0.0,0.0
2026-06-27 03:10:00,0.0,0.0
2026-06-27 03:15:00,0.0,0.0
2026-06-27 03:20:00,0.0,0.0
2026-06-27 03:25:00,0.0,0.0
2026-06-27 03:30:00,0.0,0.0
2026-06-27 03:35:00,0.0,0.0
2026-06-27 03:40:00,0.0,0.0
2026-06-27 03:45:00,0.0,0.0
2026-06-27 03:50:00,0.0,0.0
2026-06-27 03:55:00,0.0,0.0
2026-06-27 04:00:00,0.0,0.0
2026-06-27 04:05:00,0.0,0.0
2026-06-27 04:10:00,0.0,0.0
2026-06-27 04:15:00,0.0,0.0
2026-06-27 04:20:00,0.0,0.0
2026-06-27 04:25:00,0.0,0.0
2026-06-27 04:30:00,0.0,0.0
2026-06-27 04:35:00,0.0,0.0
2026-06-27 04:40:00,0.0,0.0
2026-06-27 04:45:00,0.0,0.0
2026-06-27 04:50:00,0.0,0.0
2026-06-27 04:55:00,0.0,0.0
2026-06-27 05:00:00,0.0,0.0
2026-06-27 05:05:00,0.0,0.0
2026-06-27 05:10:00,0.0,0.0
2026-06-27 05:15:00,0.0,0.0
2026-06-27 05:20:00,0.0,0.0
2026-06-27 05:25:00,0.0,0.0
2026-06-27 05:30:00,0.0,0.0
2026-06-27 05:35:00,0.0,0.0
2026-06-27 05:40:00,0.0,0.0
2026-06-27 05:45:00,0.0,0.0
2026-06-27 05:50:00,0.0,0.0
2026-06-27 05:55:00,0.0,0.0
2026-06-27 06:00:00,0.0,0.0
2026-06-27 06:05:00,0.0,0.0
2026-06-27 06:10:00,0.0,0.0
2026-06-27 06:15:00,0.0,0.0
2026-06-27 06:20:00,0.0,0.0
2026-06-27 06:25:00,0.4,0.4274
2026-06-27 06:30:00,0.8,0.8549
2026-06-27 06:35:00,2.0,2.1372
2026-06-27 06:40:00,2.8,2.9921
2026-06-27 06:45:00,3.6,3.847
2026-06-27 06:50:00,4.8,5.1293
2026-06-27 06:55:00,4.0,4.2744
2026-06-27 07:00:00,7.6,8.1214
2026-06-27 07:05:00,8.8,15.4889
2026-06-27 07:10:00,9.6,16.897
2026-06-27 07:15:00,10.8,19.0091
2026-06-27 07:20:00,14.0,24.6414
2026-06-27 07:25:00,14.8,26.0495
2026-06-27 07:30:00,17.2,30.2737
2026-06-27 07:35:00,20.4,35.906
2026-06-27 07:40:00,23.6,41.5384
2026-06-27 07:45:00,27.2,47.8747
2026-06-27 07:50:00,26.4,46.4666
2026-06-27 07:55:00,25.2,44.3545
2026-06-27 08:00:00,27.2,47.8747
2026-06-27 08:05:00,22.8,40.1303
2026-06-27 08:10:00,34.8,61.2515
2026-06-27 08:15:00,39.2,68.9959
2026-06-27 08:20:00,49.6,87.301
2026-06-27 08:25:00,54.0,95.0454
2026-06-27 08:30:00,51.6,90.8212
2026-06-27 08:35:00,40.0,70.404
2026-06-27 08:40:00,46.0,80.9646
2026-06-27 08:45:00,57.6,101.3818
2026-06-27 08:50:00,57.2,100.6777
2026-06-27 08:55:00,57.2,100.6777
2026-06-27 09:00:00,57.6,101.3818
2026-06-27 09:05:00,58.4,102.7898
2026-06-27 09:10:00,58.0,102.0858
2026-06-27 09:15:00,58.4,102.7898
2026-06-27 09:20:00,58.0,102.0858
2026-06-27 09:25:00,58.8,103.4939
2026-06-27 09:30:00,57.6,101.3818
2026-06-27 09:35:00,49.2,86.5969
2026-06-27 09:40:00,59.6,104.902
2026-06-27 09:45:00,58.8,103.4939
2026-06-27 09:50:00,59.6,104.902
2026-06-27 09:55:00,58.8,103.4939
2026-06-27 10:00:00,58.8,103.4939
2026-06-27 10:05:00,61.2,107.7181
2026-06-27 10:10:00,61.6,108.4222
2026-06-27 10:15:00,27.2,47.8747
2026-06-27 10:20:00,39.2,68.9959
2026-06-27 10:25:00,50.0,88.005
2026-06-27 10:30:00,41.2,72.5161
2026-06-27 10:35:00,45.6,80.2606
2026-06-27 10:40:00,69.2,121.7989
2026-06-27 10:45:00,58.0,102.0858
2026-06-27 10:50:00,62.8,110.5343
2026-06-27 10:55:00,64.0,112.6464
2026-06-27 11:00:00,62.4,109.8302
2026-06-27 11:05:00,63.2,111.2383
2026-06-27 11:10:00,58.8,103.4939
2026-06-27 11:15:00,60.0,105.606
2026-06-27 11:20:00,63.2,111.2383
2026-06-27 11:25:00,62.4,109.8302
2026-06-27 11:30:00,62.8,110.5343
2026-06-27 11:35:00,61.6,108.4222
2026-06-27 11:40:00,57.2,100.6777
2026-06-27 11:45:00,48.8,85.8929
2026-06-27 11:50:00,65.2,114.7585
2026-06-27 11:55:00,40.0,70.404
2026-06-27 12:00:00,54.8,96.4535
2026-06-27 12:05:00,24.0,42.2424
2026-06-27 12:10:00,32.8,57.7313
2026-06-27 12:15:00,27.6,48.5788
2026-06-27 12:20:00,25.2,44.3545
2026-06-27 12:25:00,56.4,99.2696
2026-06-27 12:30:00,22.8,40.1303
2026-06-27 12:35:00,16.4,28.8656
2026-06-27 12:40:00,15.2,26.7535
2026-06-27 12:45:00,16.0,28.1616
2026-06-27 12:50:00,19.6,34.498
2026-06-27 12:55:00,23.2,40.8343
2026-06-27 13:00:00,32.8,57.7313
2026-06-27 13:05:00,40.0,70.404
2026-06-27 13:10:00,38.4,67.5878
2026-06-27 13:15:00,30.0,52.803
2026-06-27 13:20:00,32.0,56.3232
2026-06-27 13:25:00,49.2,86.5969
2026-06-27 13:30:00,57.2,100.6777
2026-06-27 13:35:00,46.4,81.6686
2026-06-27 13:40:00,48.0,84.4848
2026-06-27 13:45:00,39.2,68.9959
2026-06-27 13:50:00,45.2,79.5565
2026-06-27 13:55:00,42.0,73.9242
2026-06-27 14:00:00,54.4,95.7494
2026-06-27 14:05:00,60.0,105.606
2026-06-27 14:10:00,41.6,73.2202
2026-06-27 14:15:00,44.8,78.8525
2026-06-27 14:20:00,26.0,45.7626
2026-06-27 14:25:00,29.2,51.3949
2026-06-27 14:30:00,35.6,62.6596
2026-06-27 14:35:00,52.0,91.5252
2026-06-27 14:40:00,69.2,121.7989
2026-06-27 14:45:00,41.2,72.5161
2026-06-27 14:50:00,30.0,52.803
2026-06-27 14:55:00,20.0,35.202
2026-06-27 15:00:00,14.0,24.6414
2026-06-27 15:05:00,10.4,18.305
2026-06-27 15:10:00,9.2,16.1929
2026-06-27 15:15:00,8.0,14.0808
2026-06-27 15:20:00,4.4,7.7444
2026-06-27 15:25:00,2.8,4.9283
2026-06-27 15:30:00,2.0,3.5202
2026-06-27 15:35:00,0.8,1.4081
2026-06-27 15:40:00,0.0,0.0
2026-06-27 15:45:00,0.0,0.0
2026-06-27 15:50:00,0.0,0.0
2026-06-27 15:55:00,0.0,0.0
2026-06-27 16:00:00,0.0,0.0
2026-06-27 16:05:00,0.0,0.0
2026-06-27 16:10:00,0.0,0.0
2026-06-27 16:15:00,0.0,0.0
2026-06-27 16:20:00,0.0,0.0
2026-06-27 16:25:00,0.0,0.0
2026-06-27 16:30:00,0.0,0.0
2026-06-27 16:35:00,0.0,0.0
2026-06-27 16:40:00,0.0,0.0
2026-06-27 16:45:00,0.0,0.0
2026-06-27 16:50:00,0.4,0.704
2026-06-27 16:55:00,0.0,0.0
2026-06-27 17:00:00,0.0,0.0
2026-06-27 17:05:00,0.4,0.704
2026-06-27 17:10:00,0.8,1.4081
2026-06-27 17:15:00,0.8,1.4081
2026-06-27 17:20:00,0.8,1.4081
2026-06-27 17:25:00,1.6,2.8162
2026-06-27 17:30:00,1.6,2.8162
2026-06-27 17:35:00,2.0,3.5202
2026-06-27 17:40:00,3.6,6.3364
2026-06-27 17:45:00,5.6,9.8566
2026-06-27 17:50:00,6.4,11.2646
2026-06-27 17:55:00,6.8,11.9687
2026-06-27 18:00:00,8.0,14.0808
2026-06-27 18:05:00,8.8,15.4889
2026-06-27 18:10:00,8.0,14.0808
2026-06-27 18:15:00,5.2,9.1525
2026-06-27 18:20:00,3.6,6.3364
2026-06-27 18:25:00,2.8,4.9283
2026-06-27 18:30:00,1.6,2.8162
2026-06-27 18:35:00,1.6,2.8162
2026-06-27 18:40:00,1.2,2.1121
2026-06-27 18:45:00,0.8,1.4081
2026-06-27 18:50:00,0.8,1.4081
2026-06-27 18:55:00,1.2,2.1121
2026-06-27 19:00:00,1.2,2.1121
2026-06-27 19:05:00,1.6,2.8162
2026-06-27 19:10:00,0.8,1.4081
2026-06-27 19:15:00,0.0,0.0
2026-06-27 19:20:00,0.0,0.0
2026-06-27 19:25:00,0.0,0.0
2026-06-27 19:30:00,0.0,0.0
2026-06-27 19:35:00,0.0,0.0
2026-06-27 19:40:00,0.0,0.0
2026-06-27 19:45:00,0.0,0.0
2026-06-27 19:50:00,0.0,0.0
2026-06-27 19:55:00,0.0,0.0
2026-06-27 20:00:00,0.0,0.0
2026-06-27 20:05:00,0.0,0.0
2026-06-27 20:10:00,0.0,0.0
2026-06-27 20:15:00,0.0,0.0
2026-06-27 20:20:00,0.0,0.0
2026-06-27 20:25:00,0.0,0.0
2026-06-27 20:30:00,0.0,0.0
2026-06-27 20:35:00,0.0,0.0
2026-06-27 20:40:00,0.0,0.0
2026-06-27 20:45:00,0.0,0.0
2026-06-27 20:50:00,0.0,0.0
2026-06-27 20:55:00,0.0,0.0
2026-06-27 21:00:00,0.0,0.0
2026-06-27 21:05:00,0.0,0.0
2026-06-27 21:10:00,0.0,0.0
2026-06-27 21:15:00,0.0,0.0
2026-06-27 21:20:00,0.0,0.0
2026-06-27 21:25:00,0.0,0.0
2026-06-27 21:30:00,0.0,0.0
2026-06-27 21:35:00,0.0,0.0
2026-06-27 21:40:00,0.0,0.0
2026-06-27 21:45:00,0.0,0.0
2026-06-27 21:50:00,0.0,0.0
2026-06-27 21:55:00,0.0,0.0
2026-06-27 22:00:00,0.0,0.0
2026-06-27 22:05:00,0.0,0.0
2026-06-27 22:10:00,0.0,0.0
2026-06-27 22:15:00,0.0,0.0
2026-06-27 22:20:00,0.0,0.0
2026-06-27 22:25:00,0.0,0.0
2026-06-27 22:30:00,0.0,0.0
2026-06-27 22:35:00,0.0,0.0
2026-06-27 22:40:00,0.0,0.0
2026-06-27 22:45:00,0.0,0.0
2026-06-27 22:50:00,0.0,0.0
2026-06-27 22:55:00,0.0,0.0
2026-06-27 23:00:00,0.0,0.0
2026-06-27 23:05:00,0.0,0.0
2026-06-27 23:10:00,0.0,0.0
2026-06-27 23:15:00,0.0,0.0
2026-06-27 23:20:00,0.0,0.0
2026-06-27 23:25:00,0.0,0.0
2026-06-27 23:30:00,0.0,0.0
2026-06-27 23:35:00,0.0,0.0
2026-06-27 23:40:00,0.0,0.0
2026-06-27 23:45:00,0.0,0.0
2026-06-27 23:50:00,0.0,0.0
2026-06-27 23:55:00,0.0,0.0
2026-06-28 00:00:00,0.0,0.0
2026-06-28 00:00:00,0.0,0.0
2026-06-28 00:05:00,0.0,0.0
2026-06-28 00:10:00,0.0,0.0
2026-06-28 00:15:00,0.0,0.0
2026-06-28 00:20:00,0.0,0.0
2026-06-28 00:25:00,0.0,0.0
2026-06-28 00:30:00,0.0,0.0
2026-06-28 00:35:00,0.0,0.0
2026-06-28 00:40:00,0.0,0.0
2026-06-28 00:45:00,0.0,0.0
2026-06-28 00:50:00,0.0,0.0
2026-06-28 00:55:00,0.0,0.0
2026-06-28 01:00:00,0.0,0.0
2026-06-28 01:05:00,0.0,0.0
2026-06-28 01:10:00,0.0,0.0
2026-06-28 01:15:00,0.0,0.0
2026-06-28 01:20:00,0.0,0.0
2026-06-28 01:25:00,0.0,0.0
2026-06-28 01:30:00,0.0,0.0
2026-06-28 01:35:00,0.0,0.0
2026-06-28 01:40:00,0.0,0.0
2026-06-28 01:45:00,0.0,0.0
2026-06-28 01:50:00,0.0,0.0
2026-06-28 01:55:00,0.0,0.0
2026-06-28 02:00:00,0.0,0.0
2026-06-28 02:05:00,0.0,0.0
2026-06-28 02:10:00,0.0,0.0
2026-06-28 02:15:00,0.0,0.0
2026-06-28 02:20:00,0.0,0.0
2026-06-28 02:25:00,0.0,0.0
2026-06-28 02:30:00,0.0,0.0
2026-06-28 02:35:00,0.0,0.0
2026-06-28 02:40:00,0.0,0.0
2026-06-28 02:45:00,0.0,0.0
2026-06-28 02:50:00,0.0,0.0
2026-06-28 02:55:00,0.0,0.0
2026-06-28 03:00:00,0.0,0.0
2026-06-28 03:05:00,0.0,0.0
2026-06-28 03:10:00,0.0,0.0
2026-06-28 03:15:00,0.0,0.0
2026-06-28 03:20:00,0.0,0.0
2026-06-28 03:25:00,0.0,0.0
2026-06-28 03:30:00,0.0,0.0
2026-06-28 03:35:00,0.0,0.0
2026-06-28 03:40:00,0.0,0.0
2026-06-28 03:45:00,0.0,0.0
2026-06-28 03:50:00,0.0,0.0
2026-06-28 03:55:00,0.0,0.0
2026-06-28 04:00:00,0.0,0.0
2026-06-28 04:05:00,0.0,0.0
2026-06-28 04:10:00,0.0,0.0
2026-06-28 04:15:00,0.0,0.0
2026-06-28 04:20:00,0.0,0.0
2026-06-28 04:25:00,0.0,0.0
2026-06-28 04:30:00,0.0,0.0
2026-06-28 04:35:00,0.0,0.0
2026-06-28 04:40:00,0.0,0.0
2026-06-28 04:45:00,0.0,0.0
2026-06-28 04:50:00,0.0,0.0
2026-06-28 04:55:00,0.0,0.0
2026-06-28 05:00:00,0.0,0.0
2026-06-28 05:05:00,0.0,0.0
2026-06-28 05:10:00,0.0,0.0
2026-06-28 05:15:00,0.0,0.0
2026-06-28 05:20:00,0.0,0.0
2026-06-28 05:25:00,0.0,0.0
2026-06-28 05:30:00,0.0,0.0
2026-06-28 05:35:00,0.0,0.0
2026-06-28 05:40:00,0.0,0.0
2026-06-28 05:45:00,0.0,0.0
2026-06-28 05:50:00,0.0,0.0
2026-06-28 05:55:00,0.0,0.0
2026-06-28 06:00:00,0.0,0.0
2026-06-28 06:05:00,0.0,0.0
2026-06-28 06:10:00,0.0,0.0
2026-06-28 06:15:00,0.0,0.0
2026-06-28 06:20:00,0.0,0.0
2026-06-28 06:25:00,0.0,0.0
2026-06-28 06:30:00,0.0,0.0
2026-06-28 06:35:00,0.8,0.8549
2026-06-28 06:40:00,0.8,0.8549
2026-06-28 06:45:00,1.6,1.7098
2026-06-28 06:50:00,3.6,3.847
2026-06-28 06:55:00,5.2,5.5567
2026-06-28 07:00:00,6.8,7.2665
2026-06-28 07:05:00,6.8,7.2665
2026-06-28 07:10:00,8.8,9.4037
2026-06-28 07:15:00,11.6,12.3958
2026-06-28 07:20:00,10.4,11.1134
2026-06-28 07:25:00,9.2,9.8311
2026-06-28 07:30:00,9.6,10.2586
2026-06-28 07:35:00,10.4,11.1134
2026-06-28 07:40:00,8.0,8.5488
2026-06-28 07:45:00,10.4,11.1134
2026-06-28 07:50:00,11.2,11.9683
2026-06-28 07:55:00,9.2,9.8311
2026-06-28 08:00:00,10.4,11.1134
2026-06-28 08:05:00,10.0,10.686
2026-06-28 08:10:00,10.8,11.5409
2026-06-28 08:15:00,12.8,13.6781
2026-06-28 08:20:00,17.6,18.8074
2026-06-28 08:25:00,15.6,16.6702
2026-06-28 08:30:00,15.2,16.2427
2026-06-28 08:35:00,18.0,19.2348
2026-06-28 08:40:00,16.4,17.525
2026-06-28 08:45:00,19.2,20.5171
2026-06-28 08:50:00,18.0,19.2348
2026-06-28 08:55:00,20.0,21.372
2026-06-28 09:00:00,35.6,38.0422
2026-06-28 09:05:00,48.4,51.7202
2026-06-28 09:10:00,45.2,48.3007
2026-06-28 09:15:00,26.0,27.7836
2026-06-28 09:20:00,49.6,53.0026
2026-06-28 09:25:00,38.0,40.6068
2026-06-28 09:30:00,54.8,58.5593
2026-06-28 09:35:00,62.4,66.6806
2026-06-28 09:40:00,61.2,65.3983
2026-06-28 09:45:00,61.2,65.3983
2026-06-28 09:50:00,60.4,64.5434
2026-06-28 09:55:00,61.2,65.3983
2026-06-28 10:00:00,61.6,65.8258
2026-06-28 10:05:00,60.8,64.9709
2026-06-28 10:10:00,61.2,65.3983
2026-06-28 10:15:00,60.4,64.5434
2026-06-28 10:20:00,60.8,64.9709
2026-06-28 10:25:00,62.0,66.2532
2026-06-28 10:30:00,62.4,66.6806
2026-06-28 10:35:00,61.6,65.8258
2026-06-28 10:40:00,61.6,65.8258
2026-06-28 10:45:00,62.0,66.2532
2026-06-28 10:50:00,61.2,65.3983
2026-06-28 10:55:00,61.6,65.8258
2026-06-28 11:00:00,61.2,65.3983
2026-06-28 11:05:00,61.6,65.8258
2026-06-28 11:10:00,62.4,66.6806
2026-06-28 11:15:00,62.0,66.2532
2026-06-28 11:20:00,62.0,66.2532
2026-06-28 11:25:00,62.4,66.6806
2026-06-28 11:30:00,63.2,67.5355
2026-06-28 11:35:00,63.6,67.963
2026-06-28 11:40:00,63.6,67.963
2026-06-28 11:45:00,65.2,69.6727
2026-06-28 11:50:00,62.4,66.6806
2026-06-28 11:55:00,65.2,69.6727
2026-06-28 12:00:00,63.2,67.5355
2026-06-28 12:05:00,64.4,68.8178
2026-06-28 12:10:00,45.6,48.7282
2026-06-28 12:15:00,67.6,72.2374
2026-06-28 12:20:00,58.8,62.8337
2026-06-28 12:25:00,51.6,55.1398
2026-06-28 12:30:00,65.6,70.1002
2026-06-28 12:35:00,62.4,66.6806
2026-06-28 12:40:00,64.4,68.8178
2026-06-28 12:45:00,65.6,70.1002
2026-06-28 12:50:00,65.2,69.6727
2026-06-28 12:55:00,54.8,58.5593
2026-06-28 13:00:00,28.0,29.9208
2026-06-28 13:05:00,69.6,74.3746
2026-06-28 13:10:00,69.6,74.3746
2026-06-28 13:15:00,66.8,71.3825
2026-06-28 13:20:00,63.2,67.5355
2026-06-28 13:25:00,63.6,67.963
2026-06-28 13:30:00,64.0,68.3904
2026-06-28 13:35:00,64.0,68.3904
2026-06-28 13:40:00,51.6,55.1398
2026-06-28 13:45:00,44.8,47.8733
2026-06-28 13:50:00,59.6,63.6886
2026-06-28 13:55:00,55.6,59.4142
2026-06-28 14:00:00,65.6,70.1002
2026-06-28 14:05:00,38.0,40.6068
2026-06-28 14:10:00,74.4,79.5038
2026-06-28 14:15:00,73.2,78.2215
2026-06-28 14:20:00,69.6,74.3746
2026-06-28 14:25:00,57.2,61.1239
2026-06-28 14:30:00,72.4,77.3666
2026-06-28 14:35:00,73.6,78.649
2026-06-28 14:40:00,54.0,57.7044
2026-06-28 14:45:00,58.4,62.4062
2026-06-28 14:50:00,73.6,78.649
2026-06-28 14:55:00,70.8,75.6569
2026-06-28 15:00:00,67.6,72.2374
2026-06-28 15:05:00,72.0,76.9392
2026-06-28 15:10:00,73.2,78.2215
2026-06-28 15:15:00,70.0,74.802
2026-06-28 15:20:00,70.0,74.802
2026-06-28 15:25:00,40.4,43.1714
2026-06-28 15:30:00,72.8,77.7941
2026-06-28 15:35:00,42.4,45.3086
2026-06-28 15:40:00,43.2,46.1635
2026-06-28 15:45:00,20.8,22.2269
2026-06-28 15:50:00,17.6,18.8074
2026-06-28 15:55:00,22.0,23.5092
2026-06-28 16:00:00,30.8,32.9129
2026-06-28 16:05:00,30.8,32.9129
2026-06-28 16:10:00,26.8,28.6385
2026-06-28 16:15:00,22.0,23.5092
2026-06-28 16:20:00,21.2,22.6543
2026-06-28 16:25:00,23.2,24.7915
2026-06-28 16:30:00,56.4,60.269
2026-06-28 16:35:00,48.4,51.7202
2026-06-28 16:40:00,17.6,18.8074
2026-06-28 16:45:00,13.6,14.533
2026-06-28 16:50:00,14.4,15.3878
2026-06-28 16:55:00,14.0,14.9604
2026-06-28 17:00:00,9.6,10.2586
2026-06-28 17:05:00,8.0,8.5488
2026-06-28 17:10:00,7.2,7.6939
2026-06-28 17:15:00,6.4,6.839
2026-06-28 17:20:00,5.6,5.9842
2026-06-28 17:25:00,5.6,5.9842
2026-06-28 17:30:00,6.4,6.839
2026-06-28 17:35:00,6.8,7.2665
2026-06-28 17:40:00,8.8,9.4037
2026-06-28 17:45:00,11.2,11.9683
2026-06-28 17:50:00,12.8,13.6781
2026-06-28 17:55:00,13.2,14.1055
2026-06-28 18:00:00,13.6,14.533
2026-06-28 18:05:00,14.8,15.8153
2026-06-28 18:10:00,18.0,19.2348
2026-06-28 18:15:00,20.0,21.372
2026-06-28 18:20:00,20.8,22.2269
2026-06-28 18:25:00,18.8,20.0897
2026-06-28 18:30:00,11.6,12.3958
2026-06-28 18:35:00,10.0,10.686
2026-06-28 18:40:00,8.4,8.9762
2026-06-28 18:45:00,7.2,7.6939
2026-06-28 18:50:00,5.6,5.9842
2026-06-28 18:55:00,4.4,4.7018
2026-06-28 19:00:00,3.2,3.4195
2026-06-28 19:05:00,1.6,2.8162
2026-06-28 19:10:00,0.8,1.4081
2026-06-28 19:15:00,0.0,0.0
2026-06-28 19:20:00,0.0,0.0
2026-06-28 19:25:00,0.0,0.0
2026-06-28 19:30:00,0.0,0.0
2026-06-28 19:35:00,0.0,0.0
2026-06-28 19:40:00,0.0,0.0
2026-06-28 19:45:00,0.0,0.0
2026-06-28 19:50:00,0.0,0.0
2026-06-28 19:55:00,0.0,0.0
2026-06-28 20:00:00,0.0,0.0
2026-06-28 20:05:00,0.0,0.0
2026-06-28 20:10:00,0.0,0.0
2026-06-28 20:15:00,0.0,0.0
2026-06-28 20:20:00,0.0,0.0
2026-06-28 20:25:00,0.0,0.0
2026-06-28 20:30:00,0.0,0.0
2026-06-28 20:35:00,0.0,0.0
2026-06-28 20:40:00,0.0,0.0
2026-06-28 20:45:00,0.0,0.0
2026-06-28 20:50:00,0.0,0.0
2026-06-28 20:55:00,0.0,0.0
2026-06-28 21:00:00,0.0,0.0
2026-06-28 21:05:00,0.0,0.0
2026-06-28 21:10:00,0.0,0.0
2026-06-28 21:15:00,0.0,0.0
2026-06-28 21:20:00,0.0,0.0
2026-06-28 21:25:00,0.0,0.0
2026-06-28 21:30:00,0.0,0.0
2026-06-28 21:35:00,0.0,0.0
2026-06-28 21:40:00,0.0,0.0
2026-06-28 21:45:00,0.0,0.0
2026-06-28 21:50:00,0.0,0.0
2026-06-28 21:55:00,0.0,0.0
2026-06-28 22:00:00,0.0,0.0
2026-06-28 22:05:00,0.0,0.0
2026-06-28 22:10:00,0.0,0.0
2026-06-28 22:15:00,0.0,0.0
2026-06-28 22:20:00,0.0,0.0
2026-06-28 22:25:00,0.0,0.0
2026-06-28 22:30:00,0.0,0.0
2026-06-28 22:35:00,0.0,0.0
2026-06-28 22:40:00,0.0,0.0
2026-06-28 22:45:00,0.0,0.0
2026-06-28 22:50:00,0.0,0.0
2026-06-28 22:55:00,0.0,0.0
2026-06-28 23:00:00,0.0,0.0
2026-06-28 23:05:00,0.0,0.0
2026-06-28 23:10:00,0.0,0.0
2026-06-28 23:15:00,0.0,0.0
2026-06-28 23:20:00,0.0,0.0
2026-06-28 23:25:00,0.0,0.0
2026-06-28 23:30:00,0.0,0.0
2026-06-28 23:35:00,0.0,0.0
2026-06-28 23:40:00,0.0,0.0
2026-06-28 23:45:00,0.0,0.0
2026-06-28 23:50:00,0.0,0.0
2026-06-28 23:55:00,0.0,0.0
2026-06-29 00:00:00,0.0,0.0
2026-06-29 00:00:00,0.0,0.0
2026-06-29 00:05:00,0.0,0.0
2026-06-29 00:10:00,0.0,0.0
2026-06-29 00:15:00,0.0,0.0
2026-06-29 00:20:00,0.0,0.0
2026-06-29 00:25:00,0.0,0.0
2026-06-29 00:30:00,0.0,0.0
2026-06-29 00:35:00,0.0,0.0
2026-06-29 00:40:00,0.0,0.0
2026-06-29 00:45:00,0.0,0.0
2026-06-29 00:50:00,0.0,0.0
2026-06-29 00:55:00,0.0,0.0
2026-06-29 01:00:00,0.0,0.0
2026-06-29 01:05:00,0.0,0.0
2026-06-29 01:10:00,0.0,0.0
2026-06-29 01:15:00,0.0,0.0
2026-06-29 01:20:00,0.0,0.0
2026-06-29 01:25:00,0.0,0.0
2026-06-29 01:30:00,0.0,0.0
2026-06-29 01:35:00,0.0,0.0
2026-06-29 01:40:00,0.0,0.0
2026-06-29 01:45:00,0.0,0.0
2026-06-29 01:50:00,0.0,0.0
2026-06-29 01:55:00,0.0,0.0
2026-06-29 02:00:00,0.0,0.0
2026-06-29 02:05:00,0.0,0.0
2026-06-29 02:10:00,0.0,0.0
2026-06-29 02:15:00,0.0,0.0
2026-06-29 02:20:00,0.0,0.0
2026-06-29 02:25:00,0.0,0.0
2026-06-29 02:30:00,0.0,0.0
2026-06-29 02:35:00,0.0,0.0
2026-06-29 02:40:00,0.0,0.0
2026-06-29 02:45:00,0.0,0.0
2026-06-29 02:50:00,0.0,0.0
2026-06-29 02:55:00,0.0,0.0
2026-06-29 03:00:00,0.0,0.0
2026-06-29 03:05:00,0.0,0.0
2026-06-29 03:10:00,0.0,0.0
2026-06-29 03:15:00,0.0,0.0
2026-06-29 03:20:00,0.0,0.0
2026-06-29 03:25:00,0.0,0.0
2026-06-29 03:30:00,0.0,0.0
2026-06-29 03:35:00,0.0,0.0
2026-06-29 03:40:00,0.0,0.0
2026-06-29 03:45:00,0.0,0.0
2026-06-29 03:50:00,0.0,0.0
2026-06-29 03:55:00,0.0,0.0
2026-06-29 04:00:00,0.0,0.0
2026-06-29 04:05:00,0.0,0.0
2026-06-29 04:10:00,0.0,0.0
2026-06-29 04:15:00,0.0,0.0
2026-06-29 04:20:00,0.0,0.0
2026-06-29 04:25:00,0.0,0.0
2026-06-29 04:30:00,0.0,0.0
2026-06-29 04:35:00,0.0,0.0
2026-06-29 04:40:00,0.0,0.0
2026-06-29 04:45:00,0.0,0.0
2026-06-29 04:50:00,0.0,0.0
2026-06-29 04:55:00,0.0,0.0
2026-06-29 05:00:00,0.0,0.0
2026-06-29 05:05:00,0.0,0.0
2026-06-29 05:10:00,0.0,0.0
2026-06-29 05:15:00,0.0,0.0
2026-06-29 05:20:00,0.0,0.0
2026-06-29 05:25:00,0.0,0.0
2026-06-29 05:30:00,0.0,0.0
2026-06-29 05:35:00,0.0,0.0
2026-06-29 05:40:00,0.0,0.0
2026-06-29 05:45:00,0.0,0.0
2026-06-29 05:50:00,0.0,0.0
2026-06-29 05:55:00,0.0,0.0
2026-06-29 06:00:00,0.0,0.0
2026-06-29 06:05:00,0.0,0.0
2026-06-29 06:10:00,0.0,0.0
2026-06-29 06:15:00,0.0,0.0
2026-06-29 06:20:00,0.0,0.0
2026-06-29 06:25:00,0.0,0.0
2026-06-29 06:30:00,0.0,0.0
2026-06-29 06:35:00,0.4,0.704
2026-06-29 06:40:00,1.2,2.1121
2026-06-29 06:45:00,1.6,2.8162
2026-06-29 06:50:00,2.0,3.5202
2026-06-29 06:55:00,2.8,4.9283
2026-06-29 07:00:00,3.2,5.6323
2026-06-29 07:05:00,3.2,5.6323
2026-06-29 07:10:00,3.6,6.3364
2026-06-29 07:15:00,3.6,6.3364
2026-06-29 07:20:00,4.8,8.4485
2026-06-29 07:25:00,4.8,8.4485
2026-06-29 07:30:00,6.0,10.5606
2026-06-29 07:35:00,7.2,12.6727
2026-06-29 07:40:00,8.4,14.7848
2026-06-29 07:45:00,8.8,15.4889
2026-06-29 07:50:00,9.6,16.897
2026-06-29 07:55:00,10.0,17.601
2026-06-29 08:00:00,12.0,21.1212
2026-06-29 08:05:00,12.0,21.1212
2026-06-29 08:10:00,15.2,26.7535
2026-06-29 08:15:00,15.2,26.7535
2026-06-29 08:20:00,13.2,23.2333
2026-06-29 08:25:00,15.2,26.7535
2026-06-29 08:30:00,19.2,33.7939
2026-06-29 08:35:00,21.2,37.3141
2026-06-29 08:40:00,20.0,35.202
2026-06-29 08:45:00,23.6,41.5384
2026-06-29 08:50:00,28.4,49.9868
2026-06-29 08:55:00,29.2,51.3949
2026-06-29 09:00:00,26.8,47.1707
2026-06-29 09:05:00,28.8,50.6909
2026-06-29 09:10:00,36.0,63.3636
2026-06-29 09:15:00,43.2,76.0363
2026-06-29 09:20:00,38.8,68.2919
2026-06-29 09:25:00,38.0,66.8838
2026-06-29 09:30:00,26.4,46.4666
2026-06-29 09:35:00,25.2,44.3545
2026-06-29 09:40:00,26.0,45.7626
2026-06-29 09:45:00,25.2,44.3545
2026-06-29 09:50:00,29.2,51.3949
2026-06-29 09:55:00,32.8,57.7313
2026-06-29 10:00:00,45.2,79.5565
2026-06-29 10:05:00,55.2,97.1575
2026-06-29 10:10:00,46.4,81.6686
2026-06-29 10:15:00,47.6,83.7808
2026-06-29 10:20:00,53.6,94.3414
2026-06-29 10:25:00,55.2,97.1575
2026-06-29 10:30:00,64.8,114.0545
2026-06-29 10:35:00,60.0,105.606
2026-06-29 10:40:00,61.2,107.7181
2026-06-29 10:45:00,68.8,121.0949
2026-06-29 10:50:00,71.2,125.3191
2026-06-29 10:55:00,59.2,104.1979
2026-06-29 11:00:00,33.2,58.4353
2026-06-29 11:05:00,54.4,95.7494
2026-06-29 11:10:00,74.8,131.6555
2026-06-29 11:15:00,62.4,109.8302
2026-06-29 11:20:00,68.4,120.3908
2026-06-29 11:25:00,68.4,120.3908
2026-06-29 11:30:00,66.8,117.5747
2026-06-29 11:35:00,58.4,102.7898
2026-06-29 11:40:00,32.0,56.3232
2026-06-29 11:45:00,30.8,54.2111
2026-06-29 11:50:00,43.2,76.0363
2026-06-29 11:55:00,57.2,100.6777
2026-06-29 12:00:00,65.2,114.7585
2026-06-29 12:05:00,62.4,109.8302
2026-06-29 12:10:00,39.6,69.7
2026-06-29 12:15:00,32.0,56.3232
2026-06-29 12:20:00,32.4,57.0272
2026-06-29 12:25:00,35.6,62.6596
2026-06-29 12:30:00,40.0,70.404
2026-06-29 12:35:00,35.6,62.6596
2026-06-29 12:40:00,39.2,68.9959
2026-06-29 12:45:00,55.2,97.1575
2026-06-29 12:50:00,70.8,124.6151
2026-06-29 12:55:00,60.0,105.606
2026-06-29 13:00:00,54.0,95.0454
2026-06-29 13:05:00,63.6,111.9424
2026-06-29 13:10:00,55.6,97.8616
2026-06-29 13:15:00,63.6,111.9424
2026-06-29 13:20:00,59.6,104.902
2026-06-29 13:25:00,69.2,121.7989
2026-06-29 13:30:00,67.6,118.9828
2026-06-29 13:35:00,48.0,84.4848
2026-06-29 13:40:00,62.0,109.1262
2026-06-29 13:45:00,60.4,106.31
2026-06-29 13:50:00,68.4,120.3908
2026-06-29 13:55:00,65.2,114.7585
2026-06-29 14:00:00,31.6,55.6192
2026-06-29 14:05:00,36.4,64.0676
2026-06-29 14:10:00,72.8,128.1353
2026-06-29 14:15:00,34.4,60.5474
2026-06-29 14:20:00,44.4,78.1484
2026-06-29 14:25:00,50.8,89.4131
2026-06-29 14:30:00,66.8,117.5747
2026-06-29 14:35:00,46.0,80.9646
2026-06-29 14:40:00,21.2,37.3141
2026-06-29 14:45:00,39.6,69.7
2026-06-29 14:50:00,56.0,98.5656
2026-06-29 14:55:00,66.4,116.8706
2026-06-29 15:00:00,29.6,52.099
2026-06-29 15:05:00,26.4,46.4666
2026-06-29 15:10:00,26.4,46.4666
2026-06-29 15:15:00,26.0,45.7626
2026-06-29 15:20:00,22.0,38.7222
2026-06-29 15:25:00,23.6,41.5384
2026-06-29 15:30:00,25.2,44.3545
2026-06-29 15:35:00,26.4,46.4666
2026-06-29 15:40:00,33.2,58.4353
2026-06-29 15:45:00,35.6,62.6596
2026-06-29 15:50:00,46.0,80.9646
2026-06-29 15:55:00,35.2,61.9555
2026-06-29 16:00:00,15.6,27.4576
2026-06-29 16:05:00,14.0,24.6414
2026-06-29 16:10:00,13.2,23.2333
2026-06-29 16:15:00,12.8,22.5293
2026-06-29 16:20:00,12.4,21.8252
2026-06-29 16:25:00,12.8,22.5293
2026-06-29 16:30:00,12.8,22.5293
2026-06-29 16:35:00,12.4,21.8252
2026-06-29 16:40:00,11.6,20.4172
2026-06-29 16:45:00,11.6,20.4172
2026-06-29 16:50:00,9.2,16.1929
2026-06-29 16:55:00,6.8,11.9687
2026-06-29 17:00:00,6.4,11.2646
2026-06-29 17:05:00,5.6,9.8566
2026-06-29 17:10:00,4.8,8.4485
2026-06-29 17:15:00,0.0,0.0
2026-06-29 17:20:00,0.0,0.0
2026-06-29 17:25:00,0.0,0.0
2026-06-29 17:30:00,0.0,0.0
2026-06-29 17:35:00,0.0,0.0
2026-06-29 17:40:00,0.0,0.0
2026-06-29 17:45:00,0.0,0.0
2026-06-29 17:50:00,0.0,0.0
2026-06-29 17:55:00,0.0,0.0
2026-06-29 18:00:00,0.0,0.0
2026-06-29 18:05:00,0.0,0.0
2026-06-29 18:10:00,0.0,0.0
2026-06-29 18:15:00,0.0,0.0
2026-06-29 18:20:00,0.0,0.0
2026-06-29 18:25:00,0.0,0.0
2026-06-29 18:30:00,0.0,0.0
2026-06-29 18:35:00,0.0,0.0
2026-06-29 18:40:00,0.0,0.0
2026-06-29 18:45:00,0.0,0.0
2026-06-29 18:50:00,0.0,0.0
2026-06-29 18:55:00,0.0,0.0
2026-06-29 19:00:00,0.0,0.0
2026-06-29 19:05:00,0.0,0.0
2026-06-29 19:10:00,0.0,0.0
2026-06-29 19:15:00,0.0,0.0
2026-06-29 19:20:00,0.0,0.0
2026-06-29 19:25:00,0.0,0.0
2026-06-29 19:30:00,0.0,0.0
2026-06-29 19:35:00,0.0,0.0
2026-06-29 19:40:00,0.0,0.0
2026-06-29 19:45:00,0.0,0.0
2026-06-29 19:50:00,0.0,0.0
2026-06-29 19:55:00,0.0,0.0
2026-06-29 20:00:00,0.0,0.0
2026-06-29 20:05:00,0.0,0.0
2026-06-29 20:10:00,0.0,0.0
2026-06-29 20:15:00,0.0,0.0
2026-06-29 20:20:00,0.0,0.0
2026-06-29 20:25:00,0.0,0.0
2026-06-29 20:30:00,0.0,0.0
2026-06-29 20:35:00,0.0,0.0
2026-06-29 20:40:00,0.0,0.0
2026-06-29 20:45:00,0.0,0.0
2026-06-29 20:50:00,0.0,0.0
2026-06-29 20:55:00,0.0,0.0
2026-06-29 21:00:00,0.0,0.0
2026-06-29 21:05:00,0.0,0.0
2026-06-29 21:10:00,0.0,0.0
2026-06-29 21:15:00,0.0,0.0
2026-06-29 21:20:00,0.0,0.0
2026-06-29 21:25:00,0.0,0.0
2026-06-29 21:30:00,0.0,0.0
2026-06-29 21:35:00,0.0,0.0
2026-06-29 21:40:00,0.0,0.0
2026-06-29 21:45:00,0.0,0.0
2026-06-29 21:50:00,0.0,0.0
2026-06-29 21:55:00,0.0,0.0
2026-06-29 22:00:00,0.0,0.0
2026-06-29 22:05:00,0.0,0.0
2026-06-29 22:10:00,0.0,0.0
2026-06-29 22:15:00,0.0,0.0
2026-06-29 22:20:00,0.0,0.0
2026-06-29 22:25:00,0.0,0.0
2026-06-29 22:30:00,0.0,0.0
2026-06-29 22:35:00,0.0,0.0
2026-06-29 22:40:00,0.0,0.0
2026-06-29 22:45:00,0.0,0.0
2026-06-29 22:50:00,0.0,0.0
2026-06-29 22:55:00,0.0,0.0
2026-06-29 23:00:00,0.0,0.0
2026-06-29 23:05:00,0.0,0.0
2026-06-29 23:10:00,0.0,0.0
2026-06-29 23:15:00,0.0,0.0
2026-06-29 23:20:00,0.0,0.0
2026-06-29 23:25:00,0.0,0.0
2026-06-29 23:30:00,0.0,0.0
2026-06-29 23:35:00,0.0,0.0
2026-06-29 23:40:00,0.0,0.0
2026-06-29 23:45:00,0.0,0.0
2026-06-29 23:50:00,0.0,0.0
2026-06-29 23:55:00,0.0,0.0
2026-06-30 00:00:00,0.0,0.0
